numberOfFeatures,test accuracy_modify,training accuracy_modify,micro f1_modify,macro f1_modify,oobscore_modify,strength_modify,correlation_modify,mcnemar,e-e_modify,upper,downer
1,0.71875,0.9725274725274725,0.71875,0.6938923395445135,0.6868131868131868,1.489010989010989,8.068874721763844,0.16666666666666666,0.0,0.24803124674546967,-0.24803124674546967
1,0.78125,0.9615384615384616,0.78125,0.6595238095238096,0.6923076923076923,1.521978021978022,8.622278115947562,0.25,0.0625,0.15989933807098816,-0.28489933807098816
1,0.78125,0.978021978021978,0.78125,0.6523809523809524,0.6868131868131868,1.6263736263736264,9.117837265425555,0.5,0.0625,0.12478645088981866,-0.24978645088981866
1,0.78125,0.978021978021978,0.78125,0.6528571428571429,0.6703296703296703,1.5934065934065933,8.081258536977284,0.25,0.0625,0.15989933807098816,-0.28489933807098816
1,0.8125,0.978021978021978,0.8125,0.6757242757242757,0.7307692307692307,1.7582417582417582,7.71091237182478,1.3333333333333333,0.09375,0.1151996032130129,-0.3026996032130129
1,0.78125,0.9835164835164835,0.78125,0.7816450216450217,0.6868131868131868,1.598901098901099,7.189876928387834,0.16666666666666666,0.0625,0.18708601621686613,-0.31208601621686616
1,0.6875,0.9615384615384616,0.6875,0.6085914085914086,0.7087912087912088,1.6703296703296704,7.920842572372298,0.0,-0.03125,0.26663649434396747,-0.20413649434396747
1,0.6875,0.978021978021978,0.6875,0.6620952380952381,0.7032967032967034,1.4615384615384615,6.990810892088525,0.0,-0.03125,0.2916635888037851,-0.22916358880378512
1,0.78125,0.967032967032967,0.78125,0.6305144131231087,0.7142857142857143,1.7197802197802199,7.904157898053117,0.25,0.0625,0.15989933807098816,-0.28489933807098816
1,0.84375,0.9505494505494505,0.84375,0.8761904761904761,0.7197802197802198,1.7032967032967032,9.511633801148868,2.25,0.125,0.10293087104302809,-0.3529308710430281
1,0.78125,0.9835164835164835,0.78125,0.7766666666666666,0.7307692307692307,1.7362637362637363,6.948082711490457,0.125,0.0625,0.21008936196830552,-0.3350893619683055
1,0.78125,0.967032967032967,0.78125,0.7747619047619048,0.6373626373626373,1.4835164835164836,9.123653819415738,0.125,0.0625,0.21008936196830552,-0.3350893619683055
1,0.8125,0.967032967032967,0.8125,0.7978021978021979,0.7252747252747253,1.7912087912087913,8.374808535669313,0.8,0.09375,0.1450084436299471,-0.33250844362994714
1,0.75,0.9615384615384616,0.75,0.6364598364598365,0.7032967032967034,1.7857142857142858,9.200483355399427,0.0,0.03125,0.12894966903549407,-0.19144966903549407
1,0.71875,0.9615384615384616,0.71875,0.6025474525474526,0.6978021978021978,1.456043956043956,7.8304599422938574,0.16666666666666666,0.0,0.24803124674546967,-0.24803124674546967
1,0.8125,0.967032967032967,0.8125,0.7993788819875777,0.6813186813186813,1.598901098901099,8.97773710283853,0.8,0.09375,0.1450084436299471,-0.33250844362994714
1,0.6875,0.978021978021978,0.6875,0.5932234432234432,0.7032967032967034,1.8736263736263736,9.198369487896311,0.0,-0.03125,0.2358892227471909,-0.1733892227471909
1,0.71875,0.9725274725274725,0.71875,0.6259875776397517,0.6868131868131868,1.6538461538461537,8.360953704214321,0.25,0.0,0.2205,-0.2205
1,0.75,0.978021978021978,0.75,0.7383116883116884,0.6758241758241759,1.521978021978022,6.954780054117287,0.0,0.03125,0.22916358880378512,-0.2916635888037851
1,0.8125,0.967032967032967,0.8125,0.6757242757242757,0.7032967032967034,1.6318681318681318,8.073546258130778,1.3333333333333333,0.09375,0.1151996032130129,-0.3026996032130129
1,0.75,0.9615384615384616,0.75,0.6421578421578422,0.6813186813186813,1.379120879120879,9.369405538972156,0.0,0.03125,0.12894966903549407,-0.19144966903549407
1,0.75,0.9725274725274725,0.75,0.7569023569023569,0.6978021978021978,1.489010989010989,7.527185797974918,0.0,0.03125,0.20413649434396747,-0.26663649434396747
1,0.6875,0.9615384615384616,0.6875,0.6095238095238096,0.7142857142857143,1.5824175824175823,8.031545864194621,0.0,-0.03125,0.2358892227471909,-0.1733892227471909
1,0.6875,0.9835164835164835,0.6875,0.5862433862433862,0.6813186813186813,1.5,7.778142186264432,0.0,-0.03125,0.2358892227471909,-0.1733892227471909
1,0.78125,0.9615384615384616,0.78125,0.8352747252747251,0.7087912087912088,1.7142857142857142,8.284700854334211,0.16666666666666666,0.0625,0.18708601621686613,-0.31208601621686616
1,0.71875,0.978021978021978,0.71875,0.5941166321601105,0.7197802197802198,1.7032967032967032,8.306483169461895,0.25,0.0,0.2205,-0.2205
1,0.75,0.967032967032967,0.75,0.6358337314859054,0.6923076923076923,1.4285714285714286,7.89069626629621,0.0,0.03125,0.20413649434396747,-0.26663649434396747
1,0.78125,0.9560439560439561,0.78125,0.8428571428571429,0.7142857142857143,1.489010989010989,7.9239147621489145,0.25,0.0625,0.15989933807098816,-0.28489933807098816
1,0.71875,0.9725274725274725,0.71875,0.6239760239760239,0.6813186813186813,1.6428571428571428,8.271651466827855,0.25,0.0,0.2205,-0.2205
1,0.71875,0.9835164835164835,0.71875,0.7004329004329005,0.7142857142857143,1.7252747252747254,7.2950197154452345,0.125,0.0,0.27124116139070414,-0.27124116139070414
2,0.71875,0.978021978021978,0.71875,0.6813664596273292,0.6813186813186813,1.6043956043956045,8.325896848374226,0.16666666666666666,0.0,0.24803124674546967,-0.24803124674546967
2,0.71875,0.9725274725274725,0.71875,0.6787878787878788,0.6923076923076923,1.7857142857142858,8.8400092435391,0.25,0.0,0.2205,-0.2205
2,0.78125,0.967032967032967,0.78125,0.7430152456239413,0.7197802197802198,1.6593406593406594,8.394228417010627,0.25,0.0625,0.15989933807098816,-0.28489933807098816
2,0.78125,0.9835164835164835,0.78125,0.6523809523809524,0.6593406593406593,1.5384615384615385,7.875355969106557,0.25,0.0625,0.15989933807098816,-0.28489933807098816
2,0.84375,0.9615384615384616,0.84375,0.8761904761904761,0.7197802197802198,1.6538461538461537,8.316477312290719,1.5,0.125,0.12915747260377908,-0.3791574726037791
2,0.71875,0.978021978021978,0.71875,0.7061904761904763,0.7197802197802198,1.7967032967032968,8.057988793354198,0.25,0.0,0.2205,-0.2205
2,0.625,0.9560439560439561,0.625,0.5330724637681159,0.7307692307692307,1.9615384615384615,9.397544000781123,1.3333333333333333,-0.09375,0.3026996032130129,-0.1151996032130129
2,0.75,0.9835164835164835,0.75,0.5411490683229814,0.6648351648351648,1.543956043956044,7.324311384708235,0.0,0.03125,0.1733892227471909,-0.2358892227471909
2,0.78125,0.9505494505494505,0.78125,0.6593788819875777,0.6978021978021978,1.510989010989011,9.268756129643615,0.25,0.0625,0.15989933807098816,-0.28489933807098816
2,0.75,0.9560439560439561,0.75,0.6279503105590062,0.6923076923076923,1.3131868131868132,9.141226329073216,0.0,0.03125,0.20413649434396747,-0.26663649434396747
2,0.8125,0.9505494505494505,0.8125,0.7731601731601732,0.7252747252747253,1.5879120879120878,7.810592082427982,1.3333333333333333,0.09375,0.1151996032130129,-0.3026996032130129
2,0.6875,0.9615384615384616,0.6875,0.5823538780060519,0.6978021978021978,1.6758241758241759,9.083207572357114,0.0,-0.03125,0.2358892227471909,-0.1733892227471909
2,0.78125,0.945054945054945,0.78125,0.7816450216450217,0.6703296703296703,1.6813186813186813,10.49469314638183,0.25,0.0625,0.15989933807098816,-0.28489933807098816
2,0.71875,0.9725274725274725,0.71875,0.7474632034632035,0.7142857142857143,1.7472527472527473,8.311575103618823,0.25,0.0,0.2205,-0.2205
2,0.71875,0.978021978021978,0.71875,0.7201904761904762,0.6978021978021978,1.4945054945054945,8.332059882379992,0.25,0.0,0.2205,-0.2205
2,0.71875,0.978021978021978,0.71875,0.6105590062111801,0.6868131868131868,1.434065934065934,7.551101323014377,0.25,0.0,0.2205,-0.2205
2,0.71875,0.989010989010989,0.71875,0.6259875776397515,0.6978021978021978,1.5164835164835164,7.005077572844848,0.5,0.0,0.1846205806953521,-0.1846205806953521
2,0.6875,0.967032967032967,0.6875,0.5727878787878787,0.7252747252747253,1.6373626373626373,9.177099403943688,0.0,-0.03125,0.2358892227471909,-0.1733892227471909
2,0.6875,0.978021978021978,0.6875,0.6153209109730848,0.6538461538461539,1.4230769230769231,7.767656531346354,0.0,-0.03125,0.26663649434396747,-0.20413649434396747
2,0.6875,0.9725274725274725,0.6875,0.6095238095238096,0.7197802197802198,1.554945054945055,7.940803576359224,0.0,-0.03125,0.26663649434396747,-0.20413649434396747
2,0.84375,0.978021978021978,0.84375,0.8952380952380953,0.7362637362637363,1.6813186813186813,7.848881648519041,2.25,0.125,0.10293087104302809,-0.3529308710430281
2,0.75,0.967032967032967,0.75,0.6428571428571429,0.7032967032967034,1.5384615384615385,7.814824490604342,0.0,0.03125,0.20413649434396747,-0.26663649434396747
2,0.75,0.9835164835164835,0.75,0.6493788819875776,0.7142857142857143,1.7747252747252746,7.455872579233352,0.0,0.03125,0.20413649434396747,-0.26663649434396747
2,0.78125,0.9395604395604396,0.78125,0.782712215320911,0.6923076923076923,1.5879120879120878,8.805585084542912,0.16666666666666666,0.0625,0.18708601621686613,-0.31208601621686616
2,0.75,0.9560439560439561,0.75,0.7383116883116884,0.6978021978021978,1.532967032967033,8.94269813506251,0.0,0.03125,0.22916358880378512,-0.2916635888037851
2,0.84375,0.967032967032967,0.84375,0.8158268398268398,0.7142857142857143,1.598901098901099,7.375278151888029,2.25,0.125,0.10293087104302809,-0.3529308710430281
2,0.71875,0.978021978021978,0.71875,0.6259875776397515,0.6923076923076923,1.620879120879121,8.089437798739157,0.5,0.0,0.1846205806953521,-0.1846205806953521
2,0.71875,0.9725274725274725,0.71875,0.7474632034632035,0.6813186813186813,1.478021978021978,8.345474769397903,0.5,0.0,0.1846205806953521,-0.1846205806953521
2,0.78125,0.9615384615384616,0.78125,0.8268831168831168,0.6923076923076923,1.543956043956044,8.361537801524571,0.16666666666666666,0.0625,0.18708601621686613,-0.31208601621686616
2,0.78125,0.945054945054945,0.78125,0.7824175824175825,0.7307692307692307,1.6868131868131868,7.826250731234273,0.5,0.0625,0.12478645088981866,-0.24978645088981866
3,0.75,0.9725274725274725,0.75,0.7653209109730849,0.6483516483516484,1.5934065934065933,9.054956787267004,0.0,0.03125,0.20413649434396747,-0.26663649434396747
3,0.84375,0.978021978021978,0.84375,0.8761904761904761,0.7032967032967034,1.7197802197802199,8.489304578766458,1.5,0.125,0.12915747260377908,-0.3791574726037791
3,0.71875,0.9725274725274725,0.71875,0.6052836438923395,0.7142857142857143,1.7417582417582418,7.359427251199057,0.25,0.0,0.2205,-0.2205
3,0.78125,0.9505494505494505,0.78125,0.6582010582010582,0.6593406593406593,1.565934065934066,8.937662722245749,0.5,0.0625,0.12478645088981866,-0.24978645088981866
3,0.84375,0.9835164835164835,0.84375,0.7128427128427128,0.6813186813186813,1.6153846153846154,8.564893348535803,2.25,0.125,0.10293087104302809,-0.3529308710430281
3,0.84375,0.945054945054945,0.84375,0.8158268398268398,0.6868131868131868,1.4230769230769231,9.224251029193361,2.25,0.125,0.10293087104302809,-0.3529308710430281
3,0.71875,0.9725274725274725,0.71875,0.7201904761904762,0.6868131868131868,1.5879120879120878,8.283252184912985,0.25,0.0,0.2205,-0.2205
3,0.75,0.9615384615384616,0.75,0.7633699633699634,0.6648351648351648,1.3296703296703296,8.210166143827133,0.0,0.03125,0.1733892227471909,-0.2358892227471909
3,0.6875,0.967032967032967,0.6875,0.6085914085914086,0.7197802197802198,1.6043956043956045,8.523401097129288,0.0,-0.03125,0.26663649434396747,-0.20413649434396747
3,0.78125,0.978021978021978,0.78125,0.8421578421578422,0.7087912087912088,1.8186813186813187,8.119200189851702,0.25,0.0625,0.15989933807098816,-0.28489933807098816
3,0.78125,0.989010989010989,0.78125,0.6593788819875777,0.7087912087912088,1.5879120879120878,7.72394291884537,0.25,0.0625,0.15989933807098816,-0.28489933807098816
3,0.71875,0.9725274725274725,0.71875,0.631005291005291,0.7087912087912088,1.5384615384615385,7.809545208557451,0.0,0.0,0.098,-0.098
3,0.75,0.9560439560439561,0.75,0.64,0.7142857142857143,1.8131868131868132,9.92341509352076,0.0,0.03125,0.12894966903549407,-0.19144966903549407
3,0.78125,0.978021978021978,0.78125,0.7816450216450217,0.6923076923076923,1.598901098901099,7.741199199403795,0.5,0.0625,0.12478645088981866,-0.24978645088981866
3,0.78125,0.9835164835164835,0.78125,0.7430152456239413,0.6703296703296703,1.5,7.463042440749617,0.16666666666666666,0.0625,0.18708601621686613,-0.31208601621686616
3,0.78125,0.9505494505494505,0.78125,0.7766666666666666,0.7142857142857143,1.6868131868131868,8.832669678727306,0.16666666666666666,0.0625,0.18708601621686613,-0.31208601621686616
3,0.6875,0.945054945054945,0.6875,0.7047619047619047,0.6703296703296703,1.5274725274725274,9.73973559146178,0.0,-0.03125,0.26663649434396747,-0.20413649434396747
3,0.71875,0.9725274725274725,0.71875,0.6052836438923395,0.7417582417582418,1.7197802197802199,8.060560458083291,0.25,0.0,0.2205,-0.2205
3,0.65625,0.978021978021978,0.65625,0.5979296066252588,0.6648351648351648,1.489010989010989,8.330010833505144,0.16666666666666666,-0.0625,0.31208601621686616,-0.18708601621686613
3,0.71875,0.978021978021978,0.71875,0.7443386243386244,0.6978021978021978,1.6428571428571428,7.857000792092251,0.25,0.0,0.2205,-0.2205
3,0.71875,0.9725274725274725,0.71875,0.6385093167701863,0.7252747252747253,1.7307692307692308,9.849418634265431,0.25,0.0,0.2205,-0.2205
3,0.6875,0.9560439560439561,0.6875,0.7038295038295038,0.7087912087912088,1.6373626373626373,8.500433829571923,0.0,-0.03125,0.2358892227471909,-0.1733892227471909
3,0.6875,0.945054945054945,0.6875,0.6895238095238095,0.6758241758241759,1.5054945054945055,9.617025747109693,0.0,-0.03125,0.2358892227471909,-0.1733892227471909
3,0.78125,0.978021978021978,0.78125,0.7283982683982684,0.7087912087912088,1.8956043956043955,8.721347794150086,0.25,0.0625,0.15989933807098816,-0.28489933807098816
3,0.8125,0.9505494505494505,0.8125,0.8582010582010582,0.6813186813186813,1.434065934065934,10.132812584953943,1.3333333333333333,0.09375,0.1151996032130129,-0.3026996032130129
3,0.71875,0.9725274725274725,0.71875,0.6653096179183136,0.6923076923076923,1.5934065934065933,8.834133035752698,0.16666666666666666,0.0,0.24803124674546967,-0.24803124674546967
3,0.6875,0.9560439560439561,0.6875,0.5878923395445135,0.7252747252747253,1.543956043956044,8.183504281748444,0.0,-0.03125,0.26663649434396747,-0.20413649434396747
3,0.71875,0.9560439560439561,0.71875,0.7820952380952381,0.6868131868131868,1.5824175824175823,7.922574919372563,0.25,0.0,0.2205,-0.2205
3,0.75,0.9725274725274725,0.75,0.7248334274421231,0.6978021978021978,1.8131868131868132,8.84052871226964,0.0,0.03125,0.1733892227471909,-0.2358892227471909
3,0.75,0.9725274725274725,0.75,0.7105194805194806,0.6813186813186813,1.6373626373626373,7.747948480297659,0.0,0.03125,0.20413649434396747,-0.26663649434396747
4,0.78125,0.9725274725274725,0.78125,0.7678053830227742,0.6593406593406593,1.5879120879120878,8.60989325031903,0.16666666666666666,0.0625,0.18708601621686613,-0.31208601621686616
4,0.75,0.9395604395604396,0.75,0.7380952380952381,0.7032967032967034,1.6263736263736264,9.42262158232306,0.0,0.03125,0.20413649434396747,-0.26663649434396747
4,0.8125,0.9615384615384616,0.8125,0.7993788819875777,0.6813186813186813,1.5879120879120878,8.623206936953187,0.8,0.09375,0.1450084436299471,-0.33250844362994714
4,0.78125,0.945054945054945,0.78125,0.6582010582010582,0.6978021978021978,1.4615384615384615,9.083713591074751,0.25,0.0625,0.15989933807098816,-0.28489933807098816
4,0.78125,0.9505494505494505,0.78125,0.8400000000000001,0.7032967032967034,1.4615384615384615,9.042025463583023,0.25,0.0625,0.15989933807098816,-0.28489933807098816
4,0.78125,0.9505494505494505,0.78125,0.7559006211180124,0.7197802197802198,1.6813186813186813,10.061612990842633,0.25,0.0625,0.15989933807098816,-0.28489933807098816
4,0.84375,0.9505494505494505,0.84375,0.8757242757242757,0.7087912087912088,1.5384615384615385,8.732802318560484,2.25,0.125,0.10293087104302809,-0.3529308710430281
4,0.78125,1.0,0.78125,0.6593788819875777,0.7197802197802198,1.5769230769230769,7.765823251448106,0.5,0.0625,0.12478645088981866,-0.24978645088981866
4,0.6875,0.9945054945054945,0.6875,0.6822510822510823,0.7032967032967034,2.0384615384615383,7.1123086933244215,0.0,-0.03125,0.2916635888037851,-0.22916358880378512
4,0.75,0.945054945054945,0.75,0.6205590062111801,0.7142857142857143,1.7417582417582418,8.790257125259552,0.0,0.03125,0.22916358880378512,-0.2916635888037851
4,0.78125,0.967032967032967,0.78125,0.782712215320911,0.7252747252747253,1.7142857142857142,7.984394850421686,0.25,0.0625,0.15989933807098816,-0.28489933807098816
4,0.75,0.9560439560439561,0.75,0.7380952380952381,0.7472527472527473,1.5604395604395604,8.181682825848936,0.0,0.03125,0.20413649434396747,-0.26663649434396747
4,0.78125,0.978021978021978,0.78125,0.7650649350649351,0.7527472527472527,1.9065934065934067,7.960333781706971,0.125,0.0625,0.21008936196830552,-0.3350893619683055
4,0.78125,0.978021978021978,0.78125,0.7534391534391534,0.6923076923076923,1.4615384615384615,7.173694258840967,0.25,0.0625,0.15989933807098816,-0.28489933807098816
4,0.75,0.978021978021978,0.75,0.6421578421578422,0.6813186813186813,1.7417582417582418,8.263691878738785,0.0,0.03125,0.1733892227471909,-0.2358892227471909
4,0.75,0.967032967032967,0.75,0.7109890109890109,0.7197802197802198,1.6428571428571428,7.838527881056632,0.0,0.03125,0.1733892227471909,-0.2358892227471909
4,0.75,0.978021978021978,0.75,0.7228571428571429,0.7087912087912088,1.6263736263736264,8.295135906813558,0.0,0.03125,0.20413649434396747,-0.26663649434396747
4,0.71875,0.9560439560439561,0.71875,0.6947619047619048,0.6758241758241759,1.5769230769230769,8.758662107803577,0.16666666666666666,0.0,0.24803124674546967,-0.24803124674546967
4,0.75,0.9835164835164835,0.75,0.7383116883116884,0.7032967032967034,1.7472527472527473,8.322354647390137,0.0,0.03125,0.20413649434396747,-0.26663649434396747
4,0.6875,0.989010989010989,0.6875,0.6738923395445136,0.6923076923076923,1.6483516483516483,8.440203678432292,0.0,-0.03125,0.2916635888037851,-0.22916358880378512
4,0.625,0.9560439560439561,0.625,0.5392063492063491,0.6703296703296703,1.4615384615384615,9.053028801893754,0.4444444444444444,-0.09375,0.3783490071064822,-0.19084900710648223
4,0.75,0.9615384615384616,0.75,0.7352380952380952,0.6978021978021978,1.598901098901099,8.968135490317426,0.0,0.03125,0.1733892227471909,-0.2358892227471909
4,0.8125,0.945054945054945,0.8125,0.7993788819875777,0.7252747252747253,1.6978021978021978,9.367207813035044,0.8,0.09375,0.1450084436299471,-0.33250844362994714
4,0.8125,0.9560439560439561,0.8125,0.7731601731601732,0.7527472527472527,1.7747252747252746,8.857530849886317,0.8,0.09375,0.1450084436299471,-0.33250844362994714
4,0.6875,0.989010989010989,0.6875,0.7312629399585922,0.6758241758241759,1.60989010989011,7.893436857008623,0.0,-0.03125,0.2358892227471909,-0.1733892227471909
4,0.84375,0.9725274725274725,0.84375,0.8158268398268398,0.6648351648351648,1.510989010989011,9.040000730042664,2.25,0.125,0.10293087104302809,-0.3529308710430281
4,0.875,0.978021978021978,0.875,0.8927701863354036,0.6813186813186813,1.379120879120879,8.355354184583435,3.2,0.15625,0.08902090922217124,-0.4015209092221712
4,0.75,0.9835164835164835,0.75,0.732463768115942,0.6923076923076923,1.5164835164835164,7.745927861880774,0.0,0.03125,0.20413649434396747,-0.26663649434396747
4,0.84375,0.9835164835164835,0.84375,0.8167701863354037,0.7197802197802198,1.467032967032967,7.538594363377506,2.25,0.125,0.10293087104302809,-0.3529308710430281
4,0.8125,0.9835164835164835,0.8125,0.7731601731601732,0.6648351648351648,1.4615384615384615,7.651831995396113,1.3333333333333333,0.09375,0.1151996032130129,-0.3026996032130129
5,0.6875,0.9560439560439561,0.6875,0.6085914085914086,0.7087912087912088,1.5769230769230769,9.522704536988412,0.0,-0.03125,0.26663649434396747,-0.20413649434396747
5,0.78125,0.967032967032967,0.78125,0.8142857142857143,0.6593406593406593,1.543956043956044,8.841814025514438,0.25,0.0625,0.15989933807098816,-0.28489933807098816
5,0.71875,0.9560439560439561,0.71875,0.651957671957672,0.7362637362637363,1.521978021978022,7.997426578459181,0.16666666666666666,0.0,0.24803124674546967,-0.24803124674546967
5,0.75,0.9725274725274725,0.75,0.7383116883116884,0.6428571428571429,1.5274725274725274,8.436212148169266,0.0,0.03125,0.22916358880378512,-0.2916635888037851
5,0.6875,0.9615384615384616,0.6875,0.6085914085914086,0.6978021978021978,1.7527472527472527,8.366357627468624,0.0,-0.03125,0.19144966903549407,-0.12894966903549407
5,0.6875,0.9560439560439561,0.6875,0.6882205513784461,0.7087912087912088,1.6318681318681318,8.002957863918368,0.0,-0.03125,0.26663649434396747,-0.20413649434396747
5,0.8125,0.9725274725274725,0.8125,0.8582010582010582,0.6923076923076923,1.6923076923076923,9.595554337747622,1.3333333333333333,0.09375,0.1151996032130129,-0.3026996032130129
5,0.71875,0.978021978021978,0.71875,0.8085914085914085,0.7142857142857143,1.7637362637362637,9.034785042832814,0.25,0.0,0.2205,-0.2205
5,0.78125,0.978021978021978,0.78125,0.8131794131794132,0.6813186813186813,1.6978021978021978,8.372530004330176,0.16666666666666666,0.0625,0.18708601621686613,-0.31208601621686616
5,0.78125,0.967032967032967,0.78125,0.6252747252747253,0.7197802197802198,1.879120879120879,8.130908683812178,0.25,0.0625,0.15989933807098816,-0.28489933807098816
5,0.8125,0.978021978021978,0.8125,0.7978021978021979,0.7087912087912088,1.5879120879120878,8.403358474463694,1.3333333333333333,0.09375,0.1151996032130129,-0.3026996032130129
5,0.78125,0.9560439560439561,0.78125,0.7552380952380953,0.7252747252747253,1.6593406593406594,8.09329382894437,0.5,0.0625,0.12478645088981866,-0.24978645088981866
5,0.71875,0.9835164835164835,0.71875,0.722011322011322,0.7362637362637363,1.8736263736263736,8.187335168705095,0.16666666666666666,0.0,0.24803124674546967,-0.24803124674546967
5,0.78125,0.989010989010989,0.78125,0.6603396603396604,0.7197802197802198,1.6813186813186813,6.811502742262803,0.5,0.0625,0.12478645088981866,-0.24978645088981866
5,0.84375,0.9835164835164835,0.84375,0.8479057174709348,0.6813186813186813,1.4615384615384615,8.042055207558748,1.5,0.125,0.12915747260377908,-0.3791574726037791
5,0.8125,0.9560439560439561,0.8125,0.7731601731601732,0.7142857142857143,1.6703296703296704,8.443238424340237,0.8,0.09375,0.1450084436299471,-0.33250844362994714
5,0.6875,0.989010989010989,0.6875,0.6774891774891775,0.7582417582417582,1.7967032967032968,6.99238394354897,0.0,-0.03125,0.2916635888037851,-0.22916358880378512
5,0.71875,0.9615384615384616,0.71875,0.5964860426929393,0.7252747252747253,1.7087912087912087,7.81898399035652,0.5,0.0,0.1846205806953521,-0.1846205806953521
5,0.78125,0.9340659340659341,0.78125,0.7415866741953698,0.7307692307692307,1.5384615384615385,9.192482996090792,0.16666666666666666,0.0625,0.18708601621686613,-0.31208601621686616
5,0.6875,0.9835164835164835,0.6875,0.6878317334839074,0.6813186813186813,1.5,8.300659907294238,0.0,-0.03125,0.2916635888037851,-0.22916358880378512
5,0.6875,0.978021978021978,0.6875,0.7314632034632035,0.6483516483516484,1.5164835164835164,9.143543931366192,0.0,-0.03125,0.26663649434396747,-0.20413649434396747
5,0.78125,0.9340659340659341,0.78125,0.7874458874458874,0.6923076923076923,1.4395604395604396,9.319887287601823,0.16666666666666666,0.0625,0.18708601621686613,-0.31208601621686616
5,0.6875,0.967032967032967,0.6875,0.5886779886779887,0.7142857142857143,1.6043956043956045,7.905888895632499,0.0,-0.03125,0.2358892227471909,-0.1733892227471909
5,0.6875,0.9615384615384616,0.6875,0.6892603049124788,0.7032967032967034,1.532967032967033,7.69028139344148,0.0,-0.03125,0.2916635888037851,-0.22916358880378512
5,0.71875,0.9835164835164835,0.71875,0.7214285714285714,0.7307692307692307,1.8021978021978022,8.021054935678348,0.25,0.0,0.2205,-0.2205
5,0.75,0.967032967032967,0.75,0.7248334274421231,0.7087912087912088,1.6153846153846154,7.98114264236949,0.0,0.03125,0.22916358880378512,-0.2916635888037851
5,0.71875,0.9340659340659341,0.71875,0.5920404876926616,0.7362637362637363,1.7747252747252746,9.029024233539467,0.25,0.0,0.2205,-0.2205
5,0.6875,0.9615384615384616,0.6875,0.582353878006052,0.6978021978021978,1.434065934065934,8.435708946457325,0.0,-0.03125,0.26663649434396747,-0.20413649434396747
5,0.6875,0.989010989010989,0.6875,0.7013186813186814,0.6758241758241759,1.5824175824175823,7.738455090900808,0.0,-0.03125,0.26663649434396747,-0.20413649434396747
5,0.78125,0.967032967032967,0.78125,0.6798460798460798,0.7252747252747253,1.6758241758241759,8.463667709971375,0.25,0.0625,0.15989933807098816,-0.28489933807098816
6,0.71875,0.9725274725274725,0.71875,0.7330227743271222,0.6923076923076923,1.664835164835165,8.661133957994911,0.16666666666666666,0.0,0.24803124674546967,-0.24803124674546967
6,0.84375,0.9725274725274725,0.84375,0.8757242757242757,0.6923076923076923,1.5384615384615385,8.624939628848391,2.25,0.125,0.10293087104302809,-0.3529308710430281
6,0.78125,0.978021978021978,0.78125,0.7479503105590062,0.7252747252747253,1.554945054945055,8.17692174748799,0.125,0.0625,0.21008936196830552,-0.3350893619683055
6,0.65625,0.9505494505494505,0.65625,0.5797142857142856,0.7087912087912088,1.7032967032967032,9.36030582252174,0.25,-0.0625,0.28489933807098816,-0.15989933807098816
6,0.625,0.9725274725274725,0.625,0.581077694235589,0.6923076923076923,1.6373626373626373,8.952854681797415,1.3333333333333333,-0.09375,0.3026996032130129,-0.1151996032130129
6,0.71875,0.967032967032967,0.71875,0.7320952380952381,0.6813186813186813,1.6868131868131868,8.64325998304963,0.25,0.0,0.2205,-0.2205
6,0.8125,0.9835164835164835,0.8125,0.7998268398268398,0.6813186813186813,1.5274725274725274,6.4535650596769765,0.5714285714285714,0.09375,0.169525722515816,-0.357025722515816
6,0.8125,0.967032967032967,0.8125,0.785064935064935,0.7197802197802198,1.6978021978021978,7.997583226660741,0.8,0.09375,0.1450084436299471,-0.33250844362994714
6,0.78125,0.9835164835164835,0.78125,0.6593788819875777,0.7472527472527473,1.8406593406593406,8.08466851776137,0.25,0.0625,0.15989933807098816,-0.28489933807098816
6,0.75,0.967032967032967,0.75,0.7633699633699634,0.6703296703296703,1.4395604395604396,8.639347946997116,0.0,0.03125,0.1733892227471909,-0.2358892227471909
6,0.75,0.967032967032967,0.75,0.6151297977384933,0.6758241758241759,1.4395604395604396,9.279599672289168,0.0,0.03125,0.20413649434396747,-0.26663649434396747
6,0.78125,0.945054945054945,0.78125,0.6593788819875777,0.6703296703296703,1.3241758241758241,9.652004123096134,0.25,0.0625,0.15989933807098816,-0.28489933807098816
6,0.78125,0.9835164835164835,0.78125,0.6814285714285715,0.7417582417582418,1.7747252747252746,7.357379858799248,0.16666666666666666,0.0625,0.18708601621686613,-0.31208601621686616
6,0.84375,0.9615384615384616,0.84375,0.686000955566173,0.6868131868131868,1.467032967032967,7.379364933281472,2.25,0.125,0.10293087104302809,-0.3529308710430281
6,0.75,0.978021978021978,0.75,0.6154285714285714,0.6758241758241759,1.445054945054945,7.783766243005146,0.0,0.03125,0.22916358880378512,-0.2916635888037851
6,0.71875,0.9725274725274725,0.71875,0.7443386243386244,0.6868131868131868,1.521978021978022,8.006051091482849,0.25,0.0,0.2205,-0.2205
6,0.71875,0.978021978021978,0.71875,0.6108831168831169,0.6923076923076923,1.8076923076923077,8.059254869790538,0.25,0.0,0.2205,-0.2205
6,0.78125,0.9835164835164835,0.78125,0.782712215320911,0.7032967032967034,1.7362637362637363,7.544344972549194,0.125,0.0625,0.21008936196830552,-0.3350893619683055
6,0.78125,0.9615384615384616,0.78125,0.7534391534391534,0.7032967032967034,1.664835164835165,8.422063003384592,0.16666666666666666,0.0625,0.18708601621686613,-0.31208601621686616
6,0.75,0.967032967032967,0.75,0.7373959373959373,0.7142857142857143,1.5164835164835164,7.3013533964088815,0.0,0.03125,0.22916358880378512,-0.2916635888037851
6,0.71875,0.9560439560439561,0.71875,0.6259875776397515,0.6758241758241759,1.3736263736263736,8.491573424190443,0.16666666666666666,0.0,0.24803124674546967,-0.24803124674546967
6,0.625,0.989010989010989,0.625,0.5442028985507246,0.7032967032967034,1.6483516483516483,7.676067978974156,0.8,-0.09375,0.33250844362994714,-0.1450084436299471
6,0.75,0.9725274725274725,0.75,0.6212836438923395,0.7142857142857143,1.6263736263736264,7.706749186661749,0.0,0.03125,0.1733892227471909,-0.2358892227471909
6,0.75,0.967032967032967,0.75,0.7102164502164502,0.7197802197802198,1.6428571428571428,7.435871903971906,0.0,0.03125,0.22916358880378512,-0.2916635888037851
6,0.78125,0.967032967032967,0.78125,0.6532250358337315,0.7142857142857143,1.6868131868131868,7.994548469633737,0.25,0.0625,0.15989933807098816,-0.28489933807098816
6,0.875,0.9835164835164835,0.875,0.8927701863354036,0.6758241758241759,1.5769230769230769,7.6327113698361595,3.2,0.15625,0.08902090922217124,-0.4015209092221712
6,0.71875,0.9725274725274725,0.71875,0.7320952380952381,0.7142857142857143,1.7142857142857142,8.559837726956266,0.5,0.0,0.1846205806953521,-0.1846205806953521
6,0.65625,0.967032967032967,0.65625,0.6041904761904762,0.7142857142857143,1.6923076923076923,8.347312944616698,0.5,-0.0625,0.24978645088981866,-0.12478645088981866
6,0.71875,0.967032967032967,0.71875,0.7201904761904763,0.6868131868131868,1.6153846153846154,8.034447615180948,0.16666666666666666,0.0,0.24803124674546967,-0.24803124674546967
6,0.71875,0.9725274725274725,0.71875,0.7201298701298702,0.6758241758241759,1.489010989010989,8.113316112745885,0.16666666666666666,0.0,0.24803124674546967,-0.24803124674546967
7,0.75,0.9725274725274725,0.75,0.6421578421578422,0.6703296703296703,1.489010989010989,8.272258588380746,0.0,0.03125,0.1733892227471909,-0.2358892227471909
7,0.6875,0.9505494505494505,0.6875,0.5777443609022557,0.6758241758241759,1.4175824175824177,8.810884143386259,0.0,-0.03125,0.2358892227471909,-0.1733892227471909
7,0.78125,0.978021978021978,0.78125,0.6797897754419494,0.6923076923076923,1.5714285714285714,8.303813910813158,0.25,0.0625,0.15989933807098816,-0.28489933807098816
7,0.71875,0.9615384615384616,0.71875,0.7427012987012988,0.7252747252747253,1.565934065934066,7.512439490328871,0.125,0.0,0.27124116139070414,-0.27124116139070414
7,0.78125,0.9725274725274725,0.78125,0.6582010582010582,0.7032967032967034,1.6483516483516483,7.650121675749564,0.25,0.0625,0.15989933807098816,-0.28489933807098816
7,0.75,0.9615384615384616,0.75,0.7633699633699634,0.6923076923076923,1.6703296703296704,9.039724376085806,0.0,0.03125,0.1733892227471909,-0.2358892227471909
7,0.8125,0.9395604395604396,0.8125,0.7993788819875777,0.7087912087912088,1.4945054945054945,9.255969911893892,0.8,0.09375,0.1450084436299471,-0.33250844362994714
7,0.75,0.9725274725274725,0.75,0.7380952380952381,0.7197802197802198,1.6978021978021978,7.3988953033649665,0.0,0.03125,0.20413649434396747,-0.26663649434396747
7,0.71875,0.967032967032967,0.71875,0.6122710622710623,0.6483516483516484,1.4120879120879122,8.878908884905183,0.25,0.0,0.2205,-0.2205
7,0.8125,0.9395604395604396,0.8125,0.6695238095238095,0.6703296703296703,1.3461538461538463,8.283164874587609,0.8,0.09375,0.1450084436299471,-0.33250844362994714
7,0.75,0.9505494505494505,0.75,0.7653209109730849,0.7142857142857143,1.5384615384615385,8.885664556790404,0.0,0.03125,0.20413649434396747,-0.26663649434396747
7,0.8125,0.9835164835164835,0.8125,0.6753788819875777,0.7417582417582418,1.6263736263736264,7.181928354546713,1.3333333333333333,0.09375,0.1151996032130129,-0.3026996032130129
7,0.8125,0.9560439560439561,0.8125,0.6909132735219692,0.7032967032967034,1.7307692307692308,9.254412702703558,0.8,0.09375,0.1450084436299471,-0.33250844362994714
7,0.84375,0.9395604395604396,0.84375,0.6855238095238094,0.6868131868131868,1.3956043956043955,8.800056552282982,2.25,0.125,0.10293087104302809,-0.3529308710430281
7,0.84375,0.9615384615384616,0.84375,0.8158268398268398,0.7087912087912088,1.598901098901099,7.734458149016607,2.25,0.125,0.10293087104302809,-0.3529308710430281
7,0.71875,0.967032967032967,0.71875,0.5977384933906673,0.6923076923076923,1.5934065934065933,9.329310436813458,0.25,0.0,0.2205,-0.2205
7,0.71875,0.9835164835164835,0.71875,0.5835137085137085,0.7252747252747253,1.5714285714285714,7.879650481630746,0.16666666666666666,0.0,0.24803124674546967,-0.24803124674546967
7,0.78125,0.978021978021978,0.78125,0.6532250358337315,0.6593406593406593,1.434065934065934,7.848144610896802,0.25,0.0625,0.15989933807098816,-0.28489933807098816
7,0.75,0.9615384615384616,0.75,0.6094317920404877,0.7142857142857143,1.3626373626373627,7.602493961090253,0.0,0.03125,0.25081873397762317,-0.31331873397762317
7,0.75,0.967032967032967,0.75,0.7587619047619047,0.6868131868131868,1.4945054945054945,7.939210195952931,0.0,0.03125,0.25081873397762317,-0.31331873397762317
7,0.71875,0.945054945054945,0.71875,0.6239760239760239,0.6813186813186813,1.5714285714285714,10.046749203034425,0.0,0.0,0.098,-0.098
7,0.71875,0.9835164835164835,0.71875,0.6452380952380953,0.6923076923076923,1.7362637362637363,7.645537470875607,0.16666666666666666,0.0,0.24803124674546967,-0.24803124674546967
7,0.65625,0.9725274725274725,0.65625,0.430982905982906,0.6703296703296703,1.456043956043956,7.533649932873648,0.125,-0.0625,0.3350893619683055,-0.21008936196830552
7,0.71875,0.9395604395604396,0.71875,0.732034632034632,0.6868131868131868,1.3516483516483517,9.491610735238075,0.125,0.0,0.27124116139070414,-0.27124116139070414
7,0.78125,0.9560439560439561,0.78125,0.6595238095238096,0.6868131868131868,1.4230769230769231,8.900217979232876,0.25,0.0625,0.15989933807098816,-0.28489933807098816
7,0.8125,0.9725274725274725,0.8125,0.7993788819875777,0.7087912087912088,1.6538461538461537,8.57951084993809,0.8,0.09375,0.1450084436299471,-0.33250844362994714
7,0.78125,0.9560439560439561,0.78125,0.6380952380952382,0.6813186813186813,1.3736263736263736,8.549964074357835,0.16666666666666666,0.0625,0.18708601621686613,-0.31208601621686616
7,0.78125,0.9725274725274725,0.78125,0.7816450216450217,0.7197802197802198,1.8296703296703296,8.634375275287374,0.25,0.0625,0.15989933807098816,-0.28489933807098816
7,0.875,0.967032967032967,0.875,0.8927701863354036,0.7252747252747253,1.543956043956044,7.892093888094458,3.2,0.15625,0.08902090922217124,-0.4015209092221712
7,0.75,0.967032967032967,0.75,0.6222444222444222,0.7252747252747253,1.60989010989011,7.065219780085049,0.0,0.03125,0.1733892227471909,-0.2358892227471909
8,0.78125,0.9725274725274725,0.78125,0.6523809523809524,0.7142857142857143,1.6428571428571428,8.498641411620435,0.5,0.0625,0.12478645088981866,-0.24978645088981866
8,0.8125,0.9505494505494505,0.8125,0.7993788819875777,0.6868131868131868,1.6483516483516483,8.645595041604182,0.8,0.09375,0.1450084436299471,-0.33250844362994714
8,0.78125,0.9615384615384616,0.78125,0.7547619047619047,0.6923076923076923,1.4120879120879122,8.464646597475712,0.16666666666666666,0.0625,0.18708601621686613,-0.31208601621686616
8,0.75,0.9505494505494505,0.75,0.7383116883116884,0.6923076923076923,1.6318681318681318,8.41840115486217,0.0,0.03125,0.1733892227471909,-0.2358892227471909
8,0.71875,0.9835164835164835,0.71875,0.604062604062604,0.7087912087912088,1.6593406593406594,7.788837021262861,0.25,0.0,0.2205,-0.2205
8,0.78125,0.978021978021978,0.78125,0.6450931677018633,0.6978021978021978,1.4065934065934067,7.24644601603272,0.16666666666666666,0.0625,0.18708601621686613,-0.31208601621686616
8,0.78125,0.9615384615384616,0.78125,0.6593788819875777,0.7032967032967034,1.532967032967033,8.308438683351165,0.25,0.0625,0.15989933807098816,-0.28489933807098816
8,0.78125,0.9725274725274725,0.78125,0.7559006211180124,0.6813186813186813,1.456043956043956,8.179048476401656,0.25,0.0625,0.15989933807098816,-0.28489933807098816
8,0.84375,0.9725274725274725,0.84375,0.8761904761904761,0.6263736263736264,1.3461538461538463,9.90716476719254,1.5,0.125,0.12915747260377908,-0.3791574726037791
8,0.6875,0.967032967032967,0.6875,0.6620952380952381,0.7087912087912088,1.7637362637362637,8.749703039458996,0.0,-0.03125,0.2916635888037851,-0.22916358880378512
8,0.78125,0.9615384615384616,0.78125,0.6595238095238096,0.6978021978021978,1.4395604395604396,7.796231276756185,0.25,0.0625,0.15989933807098816,-0.28489933807098816
8,0.75,0.967032967032967,0.75,0.6428571428571429,0.6923076923076923,1.6703296703296704,8.164947973532234,0.0,0.03125,0.1733892227471909,-0.2358892227471909
8,0.75,0.989010989010989,0.75,0.6458201058201058,0.6758241758241759,1.565934065934066,7.679076964235836,0.0,0.03125,0.20413649434396747,-0.26663649434396747
8,0.71875,0.9725274725274725,0.71875,0.6108831168831169,0.7032967032967034,1.620879120879121,7.668537099354946,0.16666666666666666,0.0,0.24803124674546967,-0.24803124674546967
8,0.8125,0.978021978021978,0.8125,0.7978021978021979,0.7032967032967034,1.6978021978021978,7.6241301312930645,1.3333333333333333,0.09375,0.1151996032130129,-0.3026996032130129
8,0.71875,0.9615384615384616,0.71875,0.6259875776397515,0.6483516483516484,1.2582417582417582,8.596934012119396,0.25,0.0,0.2205,-0.2205
8,0.6875,0.9395604395604396,0.6875,0.6772256728778467,0.6868131868131868,1.5274725274725274,9.434109256455097,0.0,-0.03125,0.26663649434396747,-0.20413649434396747
8,0.75,0.967032967032967,0.75,0.6433788819875776,0.7087912087912088,1.4285714285714286,7.189110617211267,0.0,0.03125,0.1733892227471909,-0.2358892227471909
8,0.6875,0.9615384615384616,0.6875,0.6153209109730848,0.6703296703296703,1.6318681318681318,9.177942613702424,0.0,-0.03125,0.2358892227471909,-0.1733892227471909
8,0.78125,0.967032967032967,0.78125,0.6528571428571429,0.6978021978021978,1.445054945054945,8.130972185590815,0.25,0.0625,0.15989933807098816,-0.28489933807098816
8,0.75,0.9725274725274725,0.75,0.7502164502164502,0.6813186813186813,1.6703296703296704,8.804193275877568,0.0,0.03125,0.22916358880378512,-0.2916635888037851
8,0.75,0.9835164835164835,0.75,0.6094317920404877,0.6538461538461539,1.401098901098901,7.774765842485178,0.0,0.03125,0.20413649434396747,-0.26663649434396747
8,0.78125,0.978021978021978,0.78125,0.782712215320911,0.6813186813186813,1.60989010989011,7.876771830191746,0.16666666666666666,0.0625,0.18708601621686613,-0.31208601621686616
8,0.75,0.978021978021978,0.75,0.7608831168831169,0.6923076923076923,1.6593406593406594,8.87167202379811,0.0,0.03125,0.25081873397762317,-0.31331873397762317
8,0.78125,0.9835164835164835,0.78125,0.6593788819875777,0.6703296703296703,1.6538461538461537,9.396512181435886,0.25,0.0625,0.15989933807098816,-0.28489933807098816
8,0.75,0.967032967032967,0.75,0.6279503105590062,0.7142857142857143,1.7197802197802199,7.704410284841944,0.0,0.03125,0.20413649434396747,-0.26663649434396747
8,0.75,0.9835164835164835,0.75,0.7248334274421231,0.7032967032967034,1.5879120879120878,8.351213855414288,0.0,0.03125,0.20413649434396747,-0.26663649434396747
8,0.65625,0.978021978021978,0.65625,0.5623706004140786,0.6483516483516484,1.3131868131868132,9.034135313946113,0.125,-0.0625,0.3350893619683055,-0.21008936196830552
8,0.75,0.9725274725274725,0.75,0.6483116883116884,0.6813186813186813,1.6318681318681318,8.408773461554066,0.0,0.03125,0.20413649434396747,-0.26663649434396747
8,0.875,0.978021978021978,0.875,0.8927701863354036,0.7087912087912088,1.5769230769230769,7.376321563481398,3.2,0.15625,0.08902090922217124,-0.4015209092221712
9,0.78125,0.967032967032967,0.78125,0.6593788819875777,0.6758241758241759,1.434065934065934,8.92563229572995,0.25,0.0625,0.15989933807098816,-0.28489933807098816
9,0.71875,0.9615384615384616,0.71875,0.6108831168831169,0.7087912087912088,1.7307692307692308,8.511924623931,0.25,0.0,0.2205,-0.2205
9,0.75,0.9615384615384616,0.75,0.7248334274421231,0.7087912087912088,1.620879120879121,7.714197319663419,0.0,0.03125,0.20413649434396747,-0.26663649434396747
9,0.71875,0.967032967032967,0.71875,0.6319875776397516,0.6703296703296703,1.4725274725274726,8.393225580791151,0.16666666666666666,0.0,0.24803124674546967,-0.24803124674546967
9,0.65625,0.967032967032967,0.65625,0.5439999999999999,0.6593406593406593,1.4615384615384615,7.77424929931942,0.16666666666666666,-0.0625,0.31208601621686616,-0.18708601621686613
9,0.75,0.9615384615384616,0.75,0.7502164502164502,0.6758241758241759,1.335164835164835,8.308568839083634,0.0,0.03125,0.20413649434396747,-0.26663649434396747
9,0.8125,0.945054945054945,0.8125,0.7993788819875777,0.7087912087912088,1.4285714285714286,8.199353242958674,0.8,0.09375,0.1450084436299471,-0.33250844362994714
9,0.75,0.978021978021978,0.75,0.8004140786749481,0.6758241758241759,1.4120879120879122,8.71755699468598,0.0,0.03125,0.20413649434396747,-0.26663649434396747
9,0.75,0.945054945054945,0.75,0.7653209109730849,0.6758241758241759,1.4505494505494505,8.615877299668528,0.0,0.03125,0.22916358880378512,-0.2916635888037851
9,0.8125,0.9615384615384616,0.8125,0.7993788819875777,0.7527472527472527,1.5054945054945055,7.421402912486616,0.8,0.09375,0.1450084436299471,-0.33250844362994714
9,0.78125,0.967032967032967,0.78125,0.6595238095238096,0.6868131868131868,1.4725274725274726,8.072893897581832,0.25,0.0625,0.15989933807098816,-0.28489933807098816
9,0.78125,0.9615384615384616,0.78125,0.7816450216450217,0.7087912087912088,1.3736263736263736,7.533186936616693,0.25,0.0625,0.15989933807098816,-0.28489933807098816
9,0.8125,0.9615384615384616,0.8125,0.8446169772256727,0.6978021978021978,1.4505494505494505,7.952616252918247,0.5714285714285714,0.09375,0.169525722515816,-0.357025722515816
9,0.75,0.967032967032967,0.75,0.6219503105590062,0.7252747252747253,1.620879120879121,8.290076162123077,0.0,0.03125,0.20413649434396747,-0.26663649434396747
9,0.78125,0.9560439560439561,0.78125,0.7816450216450217,0.6868131868131868,1.5164835164835164,8.872179750405877,0.16666666666666666,0.0625,0.18708601621686613,-0.31208601621686616
9,0.6875,0.978021978021978,0.6875,0.6153209109730848,0.7142857142857143,1.5769230769230769,8.09086927517256,0.0,-0.03125,0.26663649434396747,-0.20413649434396747
9,0.75,0.978021978021978,0.75,0.7486080586080586,0.7197802197802198,1.7747252747252746,7.745995556771527,0.0,0.03125,0.1733892227471909,-0.2358892227471909
9,0.75,0.9505494505494505,0.75,0.7633699633699634,0.7252747252747253,1.6703296703296704,7.635674345509391,0.0,0.03125,0.1733892227471909,-0.2358892227471909
9,0.78125,0.9725274725274725,0.78125,0.7747619047619048,0.7032967032967034,1.5824175824175823,7.691743624834216,0.125,0.0625,0.21008936196830552,-0.3350893619683055
9,0.78125,0.978021978021978,0.78125,0.6593788819875777,0.7087912087912088,1.467032967032967,7.528033358727562,0.25,0.0625,0.15989933807098816,-0.28489933807098816
9,0.78125,0.9725274725274725,0.78125,0.7546169772256729,0.7142857142857143,1.7307692307692308,8.034777451529669,0.16666666666666666,0.0625,0.18708601621686613,-0.31208601621686616
9,0.78125,0.967032967032967,0.78125,0.6247619047619047,0.7087912087912088,1.5714285714285714,7.5017405482779,0.16666666666666666,0.0625,0.18708601621686613,-0.31208601621686616
9,0.84375,0.967032967032967,0.84375,0.8372836438923394,0.6868131868131868,1.6813186813186813,8.867912592535454,1.5,0.125,0.12915747260377908,-0.3791574726037791
9,0.71875,0.9560439560439561,0.71875,0.7486542443064182,0.6978021978021978,1.5879120879120878,8.517677362226667,0.125,0.0,0.27124116139070414,-0.27124116139070414
9,0.65625,0.9615384615384616,0.65625,0.6645962732919255,0.6923076923076923,1.5934065934065933,8.31067217217287,0.25,-0.0625,0.28489933807098816,-0.15989933807098816
9,0.75,0.967032967032967,0.75,0.7653209109730849,0.7472527472527473,1.6373626373626373,6.867818576772617,0.0,0.03125,0.20413649434396747,-0.26663649434396747
9,0.78125,0.9725274725274725,0.78125,0.6593788819875777,0.7307692307692307,1.6758241758241759,7.808843517259314,0.25,0.0625,0.15989933807098816,-0.28489933807098816
9,0.625,0.967032967032967,0.625,0.5637142857142857,0.6868131868131868,1.6373626373626373,8.525697631899476,0.5714285714285714,-0.09375,0.357025722515816,-0.169525722515816
9,0.71875,0.967032967032967,0.71875,0.7330227743271222,0.6648351648351648,1.445054945054945,8.55870788722009,0.16666666666666666,0.0,0.24803124674546967,-0.24803124674546967
9,0.78125,0.9835164835164835,0.78125,0.7816450216450217,0.6868131868131868,1.554945054945055,7.841074348608508,0.25,0.0625,0.15989933807098816,-0.28489933807098816
10,0.71875,0.967032967032967,0.71875,0.7085021645021645,0.6593406593406593,1.6538461538461537,9.392584971221329,0.16666666666666666,0.0,0.24803124674546967,-0.24803124674546967
10,0.75,0.9725274725274725,0.75,0.6183982683982684,0.6868131868131868,1.5879120879120878,7.989830991086496,0.0,0.03125,0.20413649434396747,-0.26663649434396747
10,0.78125,0.9725274725274725,0.78125,0.6380952380952382,0.6648351648351648,1.5164835164835164,7.926291594015678,0.16666666666666666,0.0625,0.18708601621686613,-0.31208601621686616
10,0.8125,0.9725274725274725,0.8125,0.8214285714285714,0.6758241758241759,1.3681318681318682,8.47483445401699,0.5714285714285714,0.09375,0.169525722515816,-0.357025722515816
10,0.78125,0.9835164835164835,0.78125,0.6450649350649351,0.6758241758241759,1.489010989010989,8.14029084219984,0.25,0.0625,0.15989933807098816,-0.28489933807098816
10,0.75,0.967032967032967,0.75,0.8105590062111802,0.6923076923076923,1.6373626373626373,8.719991378164485,0.0,0.03125,0.25081873397762317,-0.31331873397762317
10,0.71875,0.9560439560439561,0.71875,0.6359307359307359,0.7087912087912088,1.60989010989011,9.089993952322695,0.1,0.0,0.29168950668531324,-0.29168950668531324
10,0.78125,0.967032967032967,0.78125,0.6593788819875777,0.6593406593406593,1.664835164835165,8.600565458081787,0.25,0.0625,0.15989933807098816,-0.28489933807098816
10,0.78125,0.9835164835164835,0.78125,0.8268831168831168,0.7142857142857143,1.4725274725274726,7.377078327904401,0.125,0.0625,0.21008936196830552,-0.3350893619683055
10,0.8125,0.989010989010989,0.8125,0.7993788819875777,0.7252747252747253,1.7527472527472527,7.5269523191092675,0.8,0.09375,0.1450084436299471,-0.33250844362994714
10,0.78125,0.9725274725274725,0.78125,0.6247619047619047,0.6318681318681318,1.2967032967032968,7.772937773662322,0.125,0.0625,0.21008936196830552,-0.3350893619683055
10,0.71875,0.9725274725274725,0.71875,0.7004140786749482,0.7032967032967034,1.6373626373626373,7.638937470549983,0.125,0.0,0.27124116139070414,-0.27124116139070414
10,0.78125,0.967032967032967,0.78125,0.7816450216450217,0.7087912087912088,1.598901098901099,8.650804346368835,0.25,0.0625,0.15989933807098816,-0.28489933807098816
10,0.71875,0.9505494505494505,0.71875,0.7167032967032967,0.7417582417582418,1.7032967032967032,8.738536494715177,0.25,0.0,0.2205,-0.2205
10,0.71875,0.967032967032967,0.71875,0.5983645983645983,0.6758241758241759,1.4230769230769231,8.577209078128368,0.16666666666666666,0.0,0.24803124674546967,-0.24803124674546967
10,0.75,0.978021978021978,0.75,0.6358337314859054,0.6923076923076923,1.4395604395604396,8.142715860613002,0.0,0.03125,0.22916358880378512,-0.2916635888037851
10,0.78125,0.9835164835164835,0.78125,0.7546169772256729,0.6703296703296703,1.4175824175824177,7.880401677026076,0.16666666666666666,0.0625,0.18708601621686613,-0.31208601621686616
10,0.84375,0.989010989010989,0.84375,0.8158268398268398,0.6868131868131868,1.5,7.6321036554612665,2.25,0.125,0.10293087104302809,-0.3529308710430281
10,0.6875,0.967032967032967,0.6875,0.6772256728778467,0.6318681318681318,1.4285714285714286,8.49892706371538,0.0,-0.03125,0.31331873397762317,-0.25081873397762317
10,0.75,0.978021978021978,0.75,0.6419875776397516,0.6593406593406593,1.2857142857142858,7.884134057918435,0.0,0.03125,0.1733892227471909,-0.2358892227471909
10,0.8125,0.9945054945054945,0.8125,0.6664935064935065,0.6923076923076923,1.434065934065934,8.02200455772116,0.8,0.09375,0.1450084436299471,-0.33250844362994714
10,0.8125,0.967032967032967,0.8125,0.7993788819875777,0.7527472527472527,1.6923076923076923,8.207855412352554,0.8,0.09375,0.1450084436299471,-0.33250844362994714
10,0.78125,0.945054945054945,0.78125,0.6582010582010582,0.6978021978021978,1.4505494505494505,8.758691404334625,0.25,0.0625,0.15989933807098816,-0.28489933807098816
10,0.78125,0.967032967032967,0.78125,0.7559006211180124,0.6593406593406593,1.2747252747252746,8.661915913078952,0.25,0.0625,0.15989933807098816,-0.28489933807098816
10,0.78125,0.978021978021978,0.78125,0.6595238095238096,0.7032967032967034,1.7362637362637363,6.9796017672747235,0.25,0.0625,0.15989933807098816,-0.28489933807098816
10,0.78125,0.9835164835164835,0.78125,0.752087912087912,0.6758241758241759,1.521978021978022,7.576259526696882,0.25,0.0625,0.15989933807098816,-0.28489933807098816
10,0.75,0.967032967032967,0.75,0.7987619047619047,0.6868131868131868,1.6758241758241759,8.341401496925448,0.0,0.03125,0.22916358880378512,-0.2916635888037851
10,0.75,0.9725274725274725,0.75,0.7502164502164502,0.7197802197802198,1.532967032967033,7.315039020230703,0.0,0.03125,0.22916358880378512,-0.2916635888037851
10,0.75,0.9725274725274725,0.75,0.6272256728778467,0.6868131868131868,1.39010989010989,7.820035307927418,0.0,0.03125,0.20413649434396747,-0.26663649434396747
10,0.78125,0.967032967032967,0.78125,0.7772256728778468,0.7142857142857143,1.6263736263736264,8.028953017532034,0.16666666666666666,0.0625,0.18708601621686613,-0.31208601621686616
11,0.78125,0.978021978021978,0.78125,0.6509132735219691,0.6978021978021978,1.5824175824175823,7.522686643283275,0.25,0.0625,0.15989933807098816,-0.28489933807098816
11,0.78125,0.978021978021978,0.78125,0.7816450216450217,0.7087912087912088,1.554945054945055,8.788991995170266,0.25,0.0625,0.15989933807098816,-0.28489933807098816
11,0.84375,0.9615384615384616,0.84375,0.8761904761904761,0.6923076923076923,1.4065934065934067,8.617639063581683,1.5,0.125,0.12915747260377908,-0.3791574726037791
11,0.71875,0.989010989010989,0.71875,0.6243386243386244,0.7087912087912088,1.521978021978022,7.3873979046388865,0.5,0.0,0.1846205806953521,-0.1846205806953521
11,0.78125,0.9560439560439561,0.78125,0.7816450216450217,0.7197802197802198,1.6153846153846154,7.525035234897336,0.125,0.0625,0.21008936196830552,-0.3350893619683055
11,0.75,0.9560439560439561,0.75,0.6483116883116884,0.6593406593406593,1.3461538461538463,7.983782288301006,0.0,0.03125,0.20413649434396747,-0.26663649434396747
11,0.78125,0.9725274725274725,0.78125,0.6582010582010582,0.6593406593406593,1.467032967032967,8.275599158918252,0.16666666666666666,0.0625,0.18708601621686613,-0.31208601621686616
11,0.8125,0.9725274725274725,0.8125,0.7993788819875777,0.6758241758241759,1.5824175824175823,8.173019365238607,0.8,0.09375,0.1450084436299471,-0.33250844362994714
11,0.6875,0.9725274725274725,0.6875,0.6772256728778469,0.6703296703296703,1.4285714285714286,8.519075732207874,0.0,-0.03125,0.2916635888037851,-0.22916358880378512
11,0.8125,0.967032967032967,0.8125,0.7993788819875777,0.6263736263736264,1.2252747252747254,9.095360892298782,0.8,0.09375,0.1450084436299471,-0.33250844362994714
11,0.71875,0.9835164835164835,0.71875,0.7060135516657257,0.6648351648351648,1.2527472527472527,7.235949928680974,0.125,0.0,0.27124116139070414,-0.27124116139070414
11,0.6875,0.9835164835164835,0.6875,0.5809523809523809,0.6923076923076923,1.456043956043956,7.752261240835181,0.0,-0.03125,0.2358892227471909,-0.1733892227471909
11,0.75,0.967032967032967,0.75,0.7277248677248678,0.6483516483516484,1.3131868131868132,9.02250181502909,0.0,0.03125,0.22916358880378512,-0.2916635888037851
11,0.75,0.978021978021978,0.75,0.7487619047619047,0.7197802197802198,1.6593406593406594,6.991933879681635,0.0,0.03125,0.25081873397762317,-0.31331873397762317
11,0.78125,0.9725274725274725,0.78125,0.752087912087912,0.7087912087912088,1.6923076923076923,8.473795646798854,0.25,0.0625,0.15989933807098816,-0.28489933807098816
11,0.71875,0.989010989010989,0.71875,0.706121212121212,0.6593406593406593,1.3626373626373627,7.453131683175156,0.125,0.0,0.27124116139070414,-0.27124116139070414
11,0.78125,0.978021978021978,0.78125,0.6593788819875777,0.7087912087912088,1.664835164835165,6.526404647433333,0.25,0.0625,0.15989933807098816,-0.28489933807098816
11,0.6875,0.9835164835164835,0.6875,0.6153209109730848,0.6923076923076923,1.4395604395604396,8.09490147504251,0.0,-0.03125,0.2358892227471909,-0.1733892227471909
11,0.8125,0.967032967032967,0.8125,0.7905144131231088,0.6978021978021978,1.6318681318681318,7.513226032544302,0.5714285714285714,0.09375,0.169525722515816,-0.357025722515816
11,0.6875,0.9725274725274725,0.6875,0.7289377289377289,0.7362637362637363,1.7802197802197801,7.912980338231002,0.0,-0.03125,0.2358892227471909,-0.1733892227471909
11,0.65625,0.9560439560439561,0.65625,0.6743203463203463,0.6758241758241759,1.543956043956044,8.579399241432267,0.25,-0.0625,0.28489933807098816,-0.15989933807098816
11,0.71875,0.9615384615384616,0.71875,0.6197402597402598,0.6648351648351648,1.335164835164835,8.441638981313863,0.25,0.0,0.2205,-0.2205
11,0.8125,0.967032967032967,0.8125,0.7993788819875777,0.6868131868131868,1.60989010989011,7.173986309750433,0.8,0.09375,0.1450084436299471,-0.33250844362994714
11,0.75,0.9725274725274725,0.75,0.7383116883116884,0.6593406593406593,1.4065934065934067,8.353231626991095,0.0,0.03125,0.1733892227471909,-0.2358892227471909
11,0.84375,0.9560439560439561,0.84375,0.8158268398268398,0.7252747252747253,1.60989010989011,8.651574838071955,2.25,0.125,0.10293087104302809,-0.3529308710430281
11,0.78125,0.9615384615384616,0.78125,0.7816450216450217,0.6813186813186813,1.4285714285714286,8.171108650391565,0.25,0.0625,0.15989933807098816,-0.28489933807098816
11,0.78125,0.9725274725274725,0.78125,0.6528571428571429,0.7307692307692307,1.664835164835165,7.787365079454332,0.16666666666666666,0.0625,0.18708601621686613,-0.31208601621686616
11,0.78125,0.9725274725274725,0.78125,0.7546169772256729,0.7087912087912088,1.6428571428571428,8.512635118354892,0.16666666666666666,0.0625,0.18708601621686613,-0.31208601621686616
11,0.8125,0.9615384615384616,0.8125,0.7905144131231088,0.6923076923076923,1.4120879120879122,8.454676268533053,0.8,0.09375,0.1450084436299471,-0.33250844362994714
11,0.71875,0.9835164835164835,0.71875,0.7226802183323923,0.7307692307692307,1.6868131868131868,6.9680270083755715,0.125,0.0,0.27124116139070414,-0.27124116139070414
12,0.75,0.967032967032967,0.75,0.6147619047619048,0.6978021978021978,1.3956043956043955,8.268443868973597,0.0,0.03125,0.20413649434396747,-0.26663649434396747
12,0.6875,0.9725274725274725,0.6875,0.7038343685300206,0.6923076923076923,1.60989010989011,7.335202552738473,0.0,-0.03125,0.2358892227471909,-0.1733892227471909
12,0.6875,0.967032967032967,0.6875,0.5862433862433862,0.6648351648351648,1.4285714285714286,8.006912480716235,0.0,-0.03125,0.2916635888037851,-0.22916358880378512
12,0.78125,0.9725274725274725,0.78125,0.6593788819875777,0.7087912087912088,1.6538461538461537,8.393220435814092,0.25,0.0625,0.15989933807098816,-0.28489933807098816
12,0.75,0.9615384615384616,0.75,0.6493788819875776,0.6758241758241759,1.598901098901099,8.117079297299174,0.0,0.03125,0.1733892227471909,-0.2358892227471909
12,0.71875,0.9615384615384616,0.71875,0.7201904761904763,0.6978021978021978,1.664835164835165,9.560978506290558,0.16666666666666666,0.0,0.24803124674546967,-0.24803124674546967
12,0.71875,0.9725274725274725,0.71875,0.7074421230942971,0.6813186813186813,1.8021978021978022,8.246596852757271,0.16666666666666666,0.0,0.24803124674546967,-0.24803124674546967
12,0.71875,0.967032967032967,0.71875,0.63003663003663,0.6978021978021978,1.620879120879121,8.434676895917445,0.16666666666666666,0.0,0.24803124674546967,-0.24803124674546967
12,0.78125,0.9725274725274725,0.78125,0.7388571428571429,0.7032967032967034,1.6703296703296704,7.373888927058292,0.16666666666666666,0.0625,0.18708601621686613,-0.31208601621686616
12,0.71875,0.9615384615384616,0.71875,0.6108831168831169,0.6703296703296703,1.3516483516483517,9.59379127343542,0.16666666666666666,0.0,0.24803124674546967,-0.24803124674546967
12,0.71875,0.9615384615384616,0.71875,0.7047619047619048,0.7032967032967034,1.445054945054945,7.755689955672014,0.125,0.0,0.27124116139070414,-0.27124116139070414
12,0.8125,0.978021978021978,0.8125,0.7712380952380953,0.7142857142857143,1.6373626373626373,7.53934974746418,0.8,0.09375,0.1450084436299471,-0.33250844362994714
12,0.84375,0.9615384615384616,0.84375,0.8761904761904761,0.7032967032967034,1.5769230769230769,8.721058024871256,1.5,0.125,0.12915747260377908,-0.3791574726037791
12,0.75,0.9505494505494505,0.75,0.593701226309922,0.7307692307692307,1.4175824175824177,8.352327479981147,0.0,0.03125,0.20413649434396747,-0.26663649434396747
12,0.6875,0.9505494505494505,0.6875,0.7047619047619047,0.6923076923076923,1.3736263736263736,8.219271853131321,0.0,-0.03125,0.2916635888037851,-0.22916358880378512
12,0.78125,0.967032967032967,0.78125,0.7816450216450217,0.6703296703296703,1.39010989010989,8.607322883265656,0.25,0.0625,0.15989933807098816,-0.28489933807098816
12,0.71875,0.978021978021978,0.71875,0.6259875776397515,0.6648351648351648,1.3736263736263736,8.434126432157186,0.5,0.0,0.1846205806953521,-0.1846205806953521
12,0.78125,0.9725274725274725,0.78125,0.6532250358337315,0.6868131868131868,1.3956043956043955,8.091564796785445,0.16666666666666666,0.0625,0.18708601621686613,-0.31208601621686616
12,0.75,0.9835164835164835,0.75,0.7103678929765885,0.6593406593406593,1.478021978021978,8.220280897642644,0.0,0.03125,0.22916358880378512,-0.2916635888037851
12,0.78125,0.9615384615384616,0.78125,0.7546169772256729,0.6813186813186813,1.478021978021978,8.94153530795884,0.16666666666666666,0.0625,0.18708601621686613,-0.31208601621686616
12,0.6875,0.967032967032967,0.6875,0.5862433862433862,0.6538461538461539,1.379120879120879,8.554769388575927,0.0,-0.03125,0.26663649434396747,-0.20413649434396747
12,0.75,0.9835164835164835,0.75,0.6279503105590062,0.6923076923076923,1.2692307692307692,6.746285181812445,0.0,0.03125,0.20413649434396747,-0.26663649434396747
12,0.6875,0.9615384615384616,0.6875,0.6761904761904761,0.7142857142857143,1.5494505494505495,8.216852818630633,0.0,-0.03125,0.2916635888037851,-0.22916358880378512
12,0.78125,0.978021978021978,0.78125,0.7816450216450217,0.6758241758241759,1.5769230769230769,8.688504591427797,0.16666666666666666,0.0625,0.18708601621686613,-0.31208601621686616
12,0.78125,0.978021978021978,0.78125,0.6595238095238096,0.7527472527472527,1.6593406593406594,7.2999502913510055,0.25,0.0625,0.15989933807098816,-0.28489933807098816
12,0.6875,0.967032967032967,0.6875,0.6153209109730848,0.6428571428571429,1.3406593406593406,8.365016812893964,0.0,-0.03125,0.2358892227471909,-0.1733892227471909
12,0.71875,0.989010989010989,0.71875,0.743167701863354,0.6868131868131868,1.3681318681318682,6.905956270363021,0.125,0.0,0.27124116139070414,-0.27124116139070414
12,0.78125,0.945054945054945,0.78125,0.7404761904761905,0.6923076923076923,1.565934065934066,9.275818493180317,0.16666666666666666,0.0625,0.18708601621686613,-0.31208601621686616
12,0.84375,0.9395604395604396,0.84375,0.8158268398268398,0.6813186813186813,1.543956043956044,9.461083894907434,2.25,0.125,0.10293087104302809,-0.3529308710430281
12,0.75,0.9505494505494505,0.75,0.7161904761904763,0.6703296703296703,1.2582417582417582,8.262769457793208,0.0,0.03125,0.1733892227471909,-0.2358892227471909
13,0.8125,0.9725274725274725,0.8125,0.7993788819875777,0.7032967032967034,1.445054945054945,8.399514565983852,0.8,0.09375,0.1450084436299471,-0.33250844362994714
13,0.8125,0.978021978021978,0.8125,0.7914285714285714,0.6593406593406593,1.3516483516483517,7.275291806703068,0.5714285714285714,0.09375,0.169525722515816,-0.357025722515816
13,0.75,0.9725274725274725,0.75,0.7612836438923396,0.7032967032967034,1.6153846153846154,8.021410511753379,0.0,0.03125,0.22916358880378512,-0.2916635888037851
13,0.6875,0.9725274725274725,0.6875,0.6819875776397516,0.6703296703296703,1.2967032967032968,8.606889926692212,0.0,-0.03125,0.2916635888037851,-0.22916358880378512
13,0.78125,0.978021978021978,0.78125,0.6861138861138861,0.7197802197802198,1.6703296703296704,7.993475642355786,0.25,0.0625,0.15989933807098816,-0.28489933807098816
13,0.78125,0.9725274725274725,0.78125,0.7678053830227742,0.6813186813186813,1.5054945054945055,8.304011814065882,0.16666666666666666,0.0625,0.18708601621686613,-0.31208601621686616
13,0.75,0.989010989010989,0.75,0.7373959373959373,0.7142857142857143,1.7307692307692308,7.318675480363594,0.0,0.03125,0.20413649434396747,-0.26663649434396747
13,0.71875,0.978021978021978,0.71875,0.732034632034632,0.6923076923076923,1.4945054945054945,8.34904507826909,0.1,0.0,0.29168950668531324,-0.29168950668531324
13,0.75,0.9560439560439561,0.75,0.634025974025974,0.7087912087912088,1.3736263736263736,7.450423439642512,0.0,0.03125,0.22916358880378512,-0.2916635888037851
13,0.75,0.989010989010989,0.75,0.7255693581780538,0.6813186813186813,1.532967032967033,7.656616154905721,0.0,0.03125,0.22916358880378512,-0.2916635888037851
13,0.78125,0.967032967032967,0.78125,0.782712215320911,0.7197802197802198,1.489010989010989,7.353626659868949,0.16666666666666666,0.0625,0.18708601621686613,-0.31208601621686616
13,0.78125,0.9560439560439561,0.78125,0.7430152456239413,0.6923076923076923,1.5879120879120878,8.940291999314566,0.25,0.0625,0.15989933807098816,-0.28489933807098816
13,0.75,0.967032967032967,0.75,0.7314285714285714,0.6923076923076923,1.510989010989011,8.414562600895355,0.0,0.03125,0.22916358880378512,-0.2916635888037851
13,0.71875,0.9505494505494505,0.71875,0.6319875776397516,0.6813186813186813,1.4725274725274726,9.354614291589773,0.25,0.0,0.2205,-0.2205
13,0.8125,0.978021978021978,0.8125,0.785064935064935,0.7197802197802198,1.6318681318681318,8.15434555227906,0.8,0.09375,0.1450084436299471,-0.33250844362994714
13,0.78125,0.989010989010989,0.78125,0.7816450216450217,0.7087912087912088,1.510989010989011,7.326867074888648,0.16666666666666666,0.0625,0.18708601621686613,-0.31208601621686616
13,0.71875,0.9230769230769231,0.71875,0.5987619047619048,0.6923076923076923,1.4285714285714286,9.09078120876362,0.25,0.0,0.2205,-0.2205
13,0.71875,0.9725274725274725,0.71875,0.6259875776397515,0.6868131868131868,1.554945054945055,7.712355406981605,0.5,0.0,0.1846205806953521,-0.1846205806953521
13,0.78125,0.9560439560439561,0.78125,0.7546169772256729,0.6373626373626373,1.3131868131868132,8.204843368068687,0.16666666666666666,0.0625,0.18708601621686613,-0.31208601621686616
13,0.75,0.967032967032967,0.75,0.6354285714285715,0.6923076923076923,1.4945054945054945,7.686894864827008,0.0,0.03125,0.20413649434396747,-0.26663649434396747
13,0.75,0.9615384615384616,0.75,0.7653209109730849,0.7362637362637363,1.6978021978021978,8.332575291056562,0.0,0.03125,0.20413649434396747,-0.26663649434396747
13,0.78125,0.967032967032967,0.78125,0.6593788819875777,0.6978021978021978,1.445054945054945,8.237195332211154,0.25,0.0625,0.15989933807098816,-0.28489933807098816
13,0.78125,0.9560439560439561,0.78125,0.6814285714285715,0.6923076923076923,1.489010989010989,8.569178494040326,0.16666666666666666,0.0625,0.18708601621686613,-0.31208601621686616
13,0.84375,0.9340659340659341,0.84375,0.8757242757242757,0.7362637362637363,1.6538461538461537,9.418932005869491,2.25,0.125,0.10293087104302809,-0.3529308710430281
13,0.71875,0.9395604395604396,0.71875,0.6105590062111801,0.6868131868131868,1.5824175824175823,8.434595698434206,0.16666666666666666,0.0,0.24803124674546967,-0.24803124674546967
13,0.71875,0.9505494505494505,0.71875,0.6053446553446553,0.6593406593406593,1.379120879120879,8.315712554030718,0.16666666666666666,0.0,0.24803124674546967,-0.24803124674546967
13,0.75,0.9835164835164835,0.75,0.7656450216450217,0.6923076923076923,1.510989010989011,7.562992185199767,0.0,0.03125,0.20413649434396747,-0.26663649434396747
13,0.84375,0.9560439560439561,0.84375,0.8761904761904761,0.7087912087912088,1.5769230769230769,8.661687242381836,1.5,0.125,0.12915747260377908,-0.3791574726037791
13,0.6875,0.989010989010989,0.6875,0.676034632034632,0.6978021978021978,1.664835164835165,7.3480154865811365,0.0,-0.03125,0.2916635888037851,-0.22916358880378512
13,0.8125,0.978021978021978,0.8125,0.6974285714285714,0.6648351648351648,1.3736263736263736,8.35955625879952,0.8,0.09375,0.1450084436299471,-0.33250844362994714
14,0.8125,0.9615384615384616,0.8125,0.7993788819875777,0.6758241758241759,1.5604395604395604,8.98364454020412,0.8,0.09375,0.1450084436299471,-0.33250844362994714
14,0.71875,0.9725274725274725,0.71875,0.7167032967032967,0.6648351648351648,1.401098901098901,8.223614518243517,0.25,0.0,0.2205,-0.2205
14,0.78125,0.967032967032967,0.78125,0.7678053830227742,0.6758241758241759,1.3846153846153846,7.389975800142721,0.16666666666666666,0.0625,0.18708601621686613,-0.31208601621686616
14,0.8125,0.9505494505494505,0.8125,0.8446169772256727,0.6813186813186813,1.2692307692307692,9.106021792108626,0.5714285714285714,0.09375,0.169525722515816,-0.357025722515816
14,0.75,0.9615384615384616,0.75,0.6483116883116884,0.7032967032967034,1.335164835164835,7.718311972891327,0.0,0.03125,0.1733892227471909,-0.2358892227471909
14,0.78125,0.9505494505494505,0.78125,0.7678053830227742,0.7032967032967034,1.510989010989011,9.524476013201848,0.16666666666666666,0.0625,0.18708601621686613,-0.31208601621686616
14,0.65625,0.967032967032967,0.65625,0.6704404291360813,0.7032967032967034,1.5494505494505495,7.861372727714749,0.125,-0.0625,0.3350893619683055,-0.21008936196830552
14,0.8125,0.9725274725274725,0.8125,0.7993788819875777,0.6813186813186813,1.6428571428571428,8.072306943513327,0.8,0.09375,0.1450084436299471,-0.33250844362994714
14,0.78125,0.9615384615384616,0.78125,0.7678053830227742,0.6813186813186813,1.5494505494505495,8.077077645802971,0.16666666666666666,0.0625,0.18708601621686613,-0.31208601621686616
14,0.6875,0.978021978021978,0.6875,0.7289377289377289,0.6703296703296703,1.401098901098901,7.702754193663111,0.0,-0.03125,0.2358892227471909,-0.1733892227471909
14,0.75,0.9505494505494505,0.75,0.6421578421578422,0.7032967032967034,1.6263736263736264,8.277025408051697,0.0,0.03125,0.20413649434396747,-0.26663649434396747
14,0.75,0.989010989010989,0.75,0.7502164502164502,0.6923076923076923,1.4835164835164836,7.778493923120744,0.0,0.03125,0.20413649434396747,-0.26663649434396747
14,0.6875,0.9285714285714286,0.6875,0.6878317334839074,0.6978021978021978,1.2527472527472527,9.59032774430051,0.0,-0.03125,0.31331873397762317,-0.25081873397762317
14,0.71875,0.9505494505494505,0.71875,0.6238095238095238,0.6483516483516484,1.2747252747252746,8.816221645248316,0.16666666666666666,0.0,0.24803124674546967,-0.24803124674546967
14,0.8125,0.9285714285714286,0.8125,0.8593788819875776,0.6648351648351648,1.3406593406593406,9.207900028946224,0.5714285714285714,0.09375,0.169525722515816,-0.357025722515816
14,0.8125,0.9725274725274725,0.8125,0.8446169772256727,0.6923076923076923,1.3956043956043955,7.826977196837142,0.5714285714285714,0.09375,0.169525722515816,-0.357025722515816
14,0.78125,0.9725274725274725,0.78125,0.6595238095238096,0.7252747252747253,1.510989010989011,7.76811111902078,0.25,0.0625,0.15989933807098816,-0.28489933807098816
14,0.78125,0.9560439560439561,0.78125,0.8421578421578422,0.6868131868131868,1.5769230769230769,7.979989345091922,0.16666666666666666,0.0625,0.18708601621686613,-0.31208601621686616
14,0.71875,0.967032967032967,0.71875,0.7060135516657257,0.6868131868131868,1.401098901098901,8.616651279837077,0.125,0.0,0.27124116139070414,-0.27124116139070414
14,0.8125,0.978021978021978,0.8125,0.7993788819875777,0.7087912087912088,1.6758241758241759,7.741087335462949,0.8,0.09375,0.1450084436299471,-0.33250844362994714
14,0.75,0.9560439560439561,0.75,0.6276556776556776,0.6978021978021978,1.4615384615384615,8.088152026985627,0.0,0.03125,0.20413649434396747,-0.26663649434396747
14,0.78125,0.9615384615384616,0.78125,0.6380952380952382,0.6978021978021978,1.379120879120879,7.972416024928135,0.16666666666666666,0.0625,0.18708601621686613,-0.31208601621686616
14,0.6875,0.967032967032967,0.6875,0.7132234432234432,0.6538461538461539,1.3571428571428572,8.510171162610067,0.0,-0.03125,0.26663649434396747,-0.20413649434396747
14,0.75,0.978021978021978,0.75,0.6279503105590062,0.6813186813186813,1.3241758241758241,8.035854273152248,0.0,0.03125,0.20413649434396747,-0.26663649434396747
14,0.71875,0.967032967032967,0.71875,0.6108831168831169,0.7087912087912088,1.5769230769230769,8.455775696923773,0.25,0.0,0.2205,-0.2205
14,0.75,0.967032967032967,0.75,0.6483116883116884,0.7362637362637363,1.5824175824175823,7.781254512665242,0.0,0.03125,0.20413649434396747,-0.26663649434396747
14,0.75,0.9615384615384616,0.75,0.7633699633699634,0.6868131868131868,1.379120879120879,9.0607636796403,0.0,0.03125,0.1733892227471909,-0.2358892227471909
14,0.6875,0.978021978021978,0.6875,0.6854285714285714,0.7032967032967034,1.5934065934065933,8.025042916130563,0.0,-0.03125,0.2916635888037851,-0.22916358880378512
14,0.6875,0.9560439560439561,0.6875,0.6880952380952381,0.6978021978021978,1.5824175824175823,8.955852339887848,0.0,-0.03125,0.2358892227471909,-0.1733892227471909
14,0.78125,0.978021978021978,0.78125,0.7547619047619047,0.6978021978021978,1.532967032967033,7.9959051502316685,0.16666666666666666,0.0625,0.18708601621686613,-0.31208601621686616
15,0.78125,0.978021978021978,0.78125,0.7816450216450217,0.7087912087912088,1.456043956043956,8.225671089457872,0.25,0.0625,0.15989933807098816,-0.28489933807098816
15,0.8125,0.967032967032967,0.8125,0.785064935064935,0.7362637362637363,1.565934065934066,8.079646967704347,0.8,0.09375,0.1450084436299471,-0.33250844362994714
15,0.71875,0.9615384615384616,0.71875,0.6108831168831169,0.6483516483516484,1.2417582417582418,8.418413339115135,0.25,0.0,0.2205,-0.2205
15,0.71875,0.9615384615384616,0.71875,0.7443386243386244,0.6923076923076923,1.5934065934065933,7.869716733185701,0.25,0.0,0.2205,-0.2205
15,0.8125,0.9395604395604396,0.8125,0.8446169772256727,0.6813186813186813,1.2912087912087913,8.859070122914897,0.5714285714285714,0.09375,0.169525722515816,-0.357025722515816
15,0.6875,0.978021978021978,0.6875,0.7160952380952381,0.7142857142857143,1.5384615384615385,7.272354193232452,0.0,-0.03125,0.26663649434396747,-0.20413649434396747
15,0.8125,0.9725274725274725,0.8125,0.6553416149068323,0.6758241758241759,1.6758241758241759,8.18011150963621,0.8,0.09375,0.1450084436299471,-0.33250844362994714
15,0.75,0.9505494505494505,0.75,0.7502164502164502,0.6593406593406593,1.5164835164835164,8.564099921020516,0.0,0.03125,0.20413649434396747,-0.26663649434396747
15,0.6875,0.9615384615384616,0.6875,0.6621212121212121,0.6758241758241759,1.335164835164835,8.311517330444072,0.0,-0.03125,0.2916635888037851,-0.22916358880378512
15,0.8125,0.967032967032967,0.8125,0.845064935064935,0.6868131868131868,1.3186813186813187,8.14171173768247,0.5714285714285714,0.09375,0.169525722515816,-0.357025722515816
15,0.6875,0.9725274725274725,0.6875,0.5987012987012987,0.6758241758241759,1.2802197802197801,8.174960780783659,0.0,-0.03125,0.26663649434396747,-0.20413649434396747
15,0.71875,0.967032967032967,0.71875,0.6108831168831169,0.6923076923076923,1.456043956043956,7.522273063877224,0.25,0.0,0.2205,-0.2205
15,0.75,0.945054945054945,0.75,0.6214285714285714,0.6703296703296703,1.3021978021978022,8.871216632578994,0.0,0.03125,0.22916358880378512,-0.2916635888037851
15,0.75,0.978021978021978,0.75,0.8243386243386244,0.6703296703296703,1.4395604395604396,8.13828582589795,0.0,0.03125,0.20413649434396747,-0.26663649434396747
15,0.75,0.9725274725274725,0.75,0.6279503105590062,0.7252747252747253,1.6813186813186813,7.538508720660531,0.0,0.03125,0.20413649434396747,-0.26663649434396747
15,0.78125,0.945054945054945,0.78125,0.8268831168831168,0.7087912087912088,1.6538461538461537,9.04587523331577,0.16666666666666666,0.0625,0.18708601621686613,-0.31208601621686616
15,0.8125,0.989010989010989,0.8125,0.7993788819875777,0.6703296703296703,1.3626373626373627,7.933733159218447,0.8,0.09375,0.1450084436299471,-0.33250844362994714
15,0.84375,0.978021978021978,0.84375,0.686000955566173,0.7307692307692307,1.5494505494505495,7.600277009061034,2.25,0.125,0.10293087104302809,-0.3529308710430281
15,0.6875,0.945054945054945,0.6875,0.573796975970889,0.6648351648351648,1.4835164835164836,10.014239729229331,0.0,-0.03125,0.2916635888037851,-0.22916358880378512
15,0.65625,0.9835164835164835,0.65625,0.5880952380952381,0.6978021978021978,1.6483516483516483,7.24981762458045,0.25,-0.0625,0.28489933807098816,-0.15989933807098816
15,0.71875,0.945054945054945,0.71875,0.722095238095238,0.6923076923076923,1.5879120879120878,10.135582971309685,0.16666666666666666,0.0,0.24803124674546967,-0.24803124674546967
15,0.78125,0.9560439560439561,0.78125,0.6450649350649351,0.6758241758241759,1.401098901098901,8.241934672780191,0.25,0.0625,0.15989933807098816,-0.28489933807098816
15,0.78125,0.989010989010989,0.78125,0.754978354978355,0.7197802197802198,1.456043956043956,6.969365157971039,0.16666666666666666,0.0625,0.18708601621686613,-0.31208601621686616
15,0.71875,0.9725274725274725,0.71875,0.7320952380952381,0.6648351648351648,1.8021978021978022,8.721227752981923,0.125,0.0,0.27124116139070414,-0.27124116139070414
15,0.8125,0.945054945054945,0.8125,0.7993788819875777,0.6813186813186813,1.3846153846153846,8.044546675801092,0.8,0.09375,0.1450084436299471,-0.33250844362994714
15,0.75,0.9725274725274725,0.75,0.7633699633699634,0.6923076923076923,1.510989010989011,8.940072423581327,0.0,0.03125,0.1733892227471909,-0.2358892227471909
15,0.71875,0.967032967032967,0.71875,0.7065217391304348,0.6868131868131868,1.3186813186813187,7.607646894388161,0.125,0.0,0.27124116139070414,-0.27124116139070414
15,0.75,0.978021978021978,0.75,0.6433788819875776,0.7032967032967034,1.6318681318681318,8.033713187284363,0.0,0.03125,0.20413649434396747,-0.26663649434396747
15,0.75,0.9615384615384616,0.75,0.6279503105590062,0.6703296703296703,1.401098901098901,8.44087961913818,0.0,0.03125,0.20413649434396747,-0.26663649434396747
15,0.75,0.9725274725274725,0.75,0.7234048560135518,0.7417582417582418,1.6538461538461537,7.902077469736632,0.0,0.03125,0.22916358880378512,-0.2916635888037851
16,0.71875,0.9725274725274725,0.71875,0.6105590062111801,0.6813186813186813,1.5,8.060146713318057,0.16666666666666666,0.0,0.24803124674546967,-0.24803124674546967
16,0.75,0.967032967032967,0.75,0.6419875776397516,0.6813186813186813,1.4615384615384615,8.460653019411302,0.0,0.03125,0.20413649434396747,-0.26663649434396747
16,0.75,0.967032967032967,0.75,0.7633699633699634,0.6978021978021978,1.5164835164835164,7.315588396469354,0.0,0.03125,0.20413649434396747,-0.26663649434396747
16,0.75,0.9615384615384616,0.75,0.7373959373959373,0.6923076923076923,1.3736263736263736,7.655750587733933,0.0,0.03125,0.22916358880378512,-0.2916635888037851
16,0.78125,0.9615384615384616,0.78125,0.6593788819875777,0.7032967032967034,1.554945054945055,7.832653194969551,0.25,0.0625,0.15989933807098816,-0.28489933807098816
16,0.75,0.9725274725274725,0.75,0.7367032967032967,0.6978021978021978,1.6978021978021978,7.654743636292057,0.0,0.03125,0.1733892227471909,-0.2358892227471909
16,0.875,0.9615384615384616,0.875,0.8546749482401654,0.6813186813186813,1.543956043956044,7.950356423430626,2.2857142857142856,0.15625,0.11260621353385131,-0.4251062135338513
16,0.78125,0.9395604395604396,0.78125,0.7678053830227742,0.6648351648351648,1.39010989010989,9.451898011146657,0.16666666666666666,0.0625,0.18708601621686613,-0.31208601621686616
16,0.78125,0.967032967032967,0.78125,0.6380952380952382,0.7087912087912088,1.478021978021978,9.096101649476308,0.16666666666666666,0.0625,0.18708601621686613,-0.31208601621686616
16,0.71875,0.9615384615384616,0.71875,0.5773333333333333,0.7142857142857143,1.434065934065934,8.060988034692778,0.125,0.0,0.27124116139070414,-0.27124116139070414
16,0.71875,0.978021978021978,0.71875,0.6152747252747253,0.6703296703296703,1.2967032967032968,8.65506566611778,0.16666666666666666,0.0,0.24803124674546967,-0.24803124674546967
16,0.8125,0.9725274725274725,0.8125,0.7978021978021979,0.6978021978021978,1.445054945054945,7.564573666902877,0.8,0.09375,0.1450084436299471,-0.33250844362994714
16,0.78125,0.9725274725274725,0.78125,0.8421578421578422,0.6758241758241759,1.5,8.51640221438766,0.25,0.0625,0.15989933807098816,-0.28489933807098816
16,0.6875,0.9835164835164835,0.6875,0.7009523809523809,0.7142857142857143,1.5494505494505495,7.600347410213755,0.0,-0.03125,0.26663649434396747,-0.20413649434396747
16,0.78125,0.978021978021978,0.78125,0.782712215320911,0.7032967032967034,1.543956043956044,7.849182534418785,0.25,0.0625,0.15989933807098816,-0.28489933807098816
16,0.75,0.9725274725274725,0.75,0.7252380952380953,0.6483516483516484,1.2527472527472527,8.837587154377383,0.0,0.03125,0.22916358880378512,-0.2916635888037851
16,0.75,0.9725274725274725,0.75,0.6105590062111801,0.6868131868131868,1.4395604395604396,7.385255216467956,0.0,0.03125,0.22916358880378512,-0.2916635888037851
16,0.71875,0.945054945054945,0.71875,0.6771794871794872,0.7252747252747253,1.521978021978022,7.5052071210789455,0.125,0.0,0.27124116139070414,-0.27124116139070414
16,0.71875,0.967032967032967,0.71875,0.7047619047619047,0.6758241758241759,1.4395604395604396,8.233925035607525,0.125,0.0,0.27124116139070414,-0.27124116139070414
16,0.65625,0.978021978021978,0.65625,0.549067599067599,0.7142857142857143,1.6538461538461537,8.129070036226157,0.25,-0.0625,0.28489933807098816,-0.15989933807098816
16,0.75,0.9725274725274725,0.75,0.7383116883116884,0.6593406593406593,1.2967032967032968,7.9320046380535025,0.0,0.03125,0.1733892227471909,-0.2358892227471909
16,0.65625,0.9835164835164835,0.65625,0.55,0.6868131868131868,1.4725274725274726,7.517326696081621,0.16666666666666666,-0.0625,0.31208601621686616,-0.18708601621686613
16,0.71875,0.9725274725274725,0.71875,0.7060135516657255,0.7197802197802198,1.6813186813186813,7.683649520839645,0.25,0.0,0.2205,-0.2205
16,0.6875,0.9725274725274725,0.6875,0.6085914085914086,0.6648351648351648,1.5824175824175823,8.815896753028516,0.0,-0.03125,0.2358892227471909,-0.1733892227471909
16,0.6875,0.978021978021978,0.6875,0.6099875776397516,0.6923076923076923,1.5,7.870704269713034,0.0,-0.03125,0.2916635888037851,-0.22916358880378512
16,0.78125,0.9725274725274725,0.78125,0.7816450216450217,0.6703296703296703,1.3241758241758241,7.687134954321036,0.25,0.0625,0.15989933807098816,-0.28489933807098816
16,0.75,0.9725274725274725,0.75,0.7234048560135518,0.6978021978021978,1.445054945054945,8.330821996488586,0.0,0.03125,0.22916358880378512,-0.2916635888037851
16,0.75,0.9560439560439561,0.75,0.6279503105590062,0.7032967032967034,1.456043956043956,8.411201338900124,0.0,0.03125,0.20413649434396747,-0.26663649434396747
16,0.8125,0.978021978021978,0.8125,0.785064935064935,0.6703296703296703,1.3186813186813187,7.590051978800367,0.8,0.09375,0.1450084436299471,-0.33250844362994714
16,0.78125,0.9835164835164835,0.78125,0.7283982683982684,0.6758241758241759,1.456043956043956,7.456280915823992,0.16666666666666666,0.0625,0.18708601621686613,-0.31208601621686616
17,0.78125,0.9835164835164835,0.78125,0.782712215320911,0.6538461538461539,1.3131868131868132,7.359792156944482,0.16666666666666666,0.0625,0.18708601621686613,-0.31208601621686616
17,0.75,0.978021978021978,0.75,0.8105590062111802,0.7142857142857143,1.565934065934066,7.364222989166241,0.0,0.03125,0.22916358880378512,-0.2916635888037851
17,0.78125,0.9560439560439561,0.78125,0.6380952380952382,0.7197802197802198,1.5824175824175823,8.595321301711897,0.16666666666666666,0.0625,0.18708601621686613,-0.31208601621686616
17,0.75,0.9560439560439561,0.75,0.6219503105590062,0.6648351648351648,1.2802197802197801,8.942069932234022,0.0,0.03125,0.20413649434396747,-0.26663649434396747
17,0.84375,0.9560439560439561,0.84375,0.8167701863354037,0.6483516483516484,1.3571428571428572,8.391389998960943,1.5,0.125,0.12915747260377908,-0.3791574726037791
17,0.6875,0.9725274725274725,0.6875,0.5915750915750916,0.6923076923076923,1.456043956043956,7.2715298423302945,0.0,-0.03125,0.26663649434396747,-0.20413649434396747
17,0.75,0.9725274725274725,0.75,0.6279503105590062,0.6703296703296703,1.2472527472527473,7.1285730393282165,0.0,0.03125,0.20413649434396747,-0.26663649434396747
17,0.8125,0.9725274725274725,0.8125,0.785064935064935,0.6868131868131868,1.510989010989011,7.381125856187527,0.5714285714285714,0.09375,0.169525722515816,-0.357025722515816
17,0.75,0.967032967032967,0.75,0.7361904761904763,0.7252747252747253,1.7527472527472527,7.944511312928719,0.0,0.03125,0.20413649434396747,-0.26663649434396747
17,0.75,0.9615384615384616,0.75,0.7502164502164502,0.6373626373626373,1.478021978021978,8.225311876533299,0.0,0.03125,0.22916358880378512,-0.2916635888037851
17,0.75,0.9395604395604396,0.75,0.7502164502164502,0.6593406593406593,1.3241758241758241,9.691857986702207,0.0,0.03125,0.20413649434396747,-0.26663649434396747
17,0.71875,0.9615384615384616,0.71875,0.7201904761904762,0.7142857142857143,1.6318681318681318,8.38732506253629,0.25,0.0,0.2205,-0.2205
17,0.75,0.989010989010989,0.75,0.7502164502164502,0.7252747252747253,1.467032967032967,7.71254626572219,0.0,0.03125,0.20413649434396747,-0.26663649434396747
17,0.78125,0.978021978021978,0.78125,0.7678053830227742,0.6648351648351648,1.4120879120879122,8.628990012211178,0.125,0.0625,0.21008936196830552,-0.3350893619683055
17,0.84375,0.967032967032967,0.84375,0.8372836438923394,0.7252747252747253,1.6043956043956045,7.866313990594965,1.125,0.125,0.15157290177963734,-0.40157290177963734
17,0.71875,0.9615384615384616,0.71875,0.6243386243386244,0.6978021978021978,1.4175824175824177,9.342714253600615,0.5,0.0,0.1846205806953521,-0.1846205806953521
17,0.75,0.9615384615384616,0.75,0.7502164502164502,0.7087912087912088,1.3681318681318682,7.566956114827904,0.0,0.03125,0.22916358880378512,-0.2916635888037851
17,0.75,0.967032967032967,0.75,0.7633699633699634,0.6648351648351648,1.2417582417582418,8.771732607611419,0.0,0.03125,0.20413649434396747,-0.26663649434396747
17,0.71875,0.967032967032967,0.71875,0.6259875776397515,0.7252747252747253,1.60989010989011,7.711119779315782,0.16666666666666666,0.0,0.24803124674546967,-0.24803124674546967
17,0.75,0.9615384615384616,0.75,0.6951297977384934,0.6373626373626373,1.2307692307692308,8.55415905719834,0.0,0.03125,0.22916358880378512,-0.2916635888037851
17,0.8125,0.9835164835164835,0.8125,0.785064935064935,0.7252747252747253,1.7362637362637363,7.780807730433479,0.8,0.09375,0.1450084436299471,-0.33250844362994714
17,0.8125,0.9615384615384616,0.8125,0.843040293040293,0.6593406593406593,1.3296703296703296,7.8725087994041765,0.4444444444444444,0.09375,0.19084900710648223,-0.3783490071064822
17,0.75,0.978021978021978,0.75,0.7633699633699634,0.6758241758241759,1.39010989010989,8.325213342765041,0.0,0.03125,0.1733892227471909,-0.2358892227471909
17,0.78125,0.9615384615384616,0.78125,0.8279503105590061,0.6978021978021978,1.4230769230769231,8.697427634061299,0.16666666666666666,0.0625,0.18708601621686613,-0.31208601621686616
17,0.71875,0.967032967032967,0.71875,0.747985347985348,0.7142857142857143,1.5824175824175823,8.25392524458091,0.16666666666666666,0.0,0.24803124674546967,-0.24803124674546967
17,0.75,0.9725274725274725,0.75,0.6219503105590062,0.6703296703296703,1.2472527472527473,7.614760741261646,0.0,0.03125,0.20413649434396747,-0.26663649434396747
17,0.8125,0.9615384615384616,0.8125,0.7993788819875777,0.7472527472527473,1.620879120879121,7.499497142994115,0.8,0.09375,0.1450084436299471,-0.33250844362994714
17,0.75,0.9615384615384616,0.75,0.6433788819875776,0.7197802197802198,1.434065934065934,7.892243945738451,0.0,0.03125,0.20413649434396747,-0.26663649434396747
17,0.71875,0.9505494505494505,0.71875,0.6243386243386244,0.6593406593406593,1.4065934065934067,9.850276823693795,0.5,0.0,0.1846205806953521,-0.1846205806953521
17,0.75,0.9725274725274725,0.75,0.6279503105590062,0.6758241758241759,1.565934065934066,7.685691498207819,0.0,0.03125,0.20413649434396747,-0.26663649434396747
18,0.8125,0.967032967032967,0.8125,0.785064935064935,0.7032967032967034,1.543956043956044,7.666731624101541,0.5714285714285714,0.09375,0.169525722515816,-0.357025722515816
18,0.6875,0.9725274725274725,0.6875,0.6854285714285714,0.6868131868131868,1.489010989010989,8.187885270057336,0.0,-0.03125,0.2916635888037851,-0.22916358880378512
18,0.75,0.9945054945054945,0.75,0.7234048560135518,0.6703296703296703,1.6813186813186813,7.2070158679072165,0.0,0.03125,0.22916358880378512,-0.2916635888037851
18,0.75,0.978021978021978,0.75,0.7502164502164502,0.7362637362637363,1.6318681318681318,7.909926787971645,0.0,0.03125,0.20413649434396747,-0.26663649434396747
18,0.78125,0.967032967032967,0.78125,0.7678053830227742,0.7362637362637363,1.565934065934066,7.645260261537767,0.16666666666666666,0.0625,0.18708601621686613,-0.31208601621686616
18,0.78125,0.9725274725274725,0.78125,0.782712215320911,0.7142857142857143,1.5,7.660082728445502,0.16666666666666666,0.0625,0.18708601621686613,-0.31208601621686616
18,0.75,0.978021978021978,0.75,0.7102164502164502,0.6868131868131868,1.5054945054945055,9.03884282764845,0.0,0.03125,0.20413649434396747,-0.26663649434396747
18,0.71875,0.9615384615384616,0.71875,0.6182780182780182,0.7142857142857143,1.5714285714285714,7.5940488826214585,0.125,0.0,0.27124116139070414,-0.27124116139070414
18,0.71875,0.9505494505494505,0.71875,0.7047619047619047,0.7087912087912088,1.5,7.215626418060164,0.16666666666666666,0.0,0.24803124674546967,-0.24803124674546967
18,0.71875,0.9560439560439561,0.71875,0.6047619047619048,0.6868131868131868,1.5934065934065933,9.245993050869187,0.25,0.0,0.2205,-0.2205
18,0.75,0.9725274725274725,0.75,0.8108831168831168,0.6978021978021978,1.4505494505494505,7.422010200009258,0.0,0.03125,0.22916358880378512,-0.2916635888037851
18,0.75,0.9835164835164835,0.75,0.7234048560135518,0.6593406593406593,1.5934065934065933,9.135789584428986,0.0,0.03125,0.20413649434396747,-0.26663649434396747
18,0.78125,0.9615384615384616,0.78125,0.7678053830227742,0.6868131868131868,1.3516483516483517,9.432844238455942,0.16666666666666666,0.0625,0.18708601621686613,-0.31208601621686616
18,0.78125,0.967032967032967,0.78125,0.7678053830227742,0.6923076923076923,1.3186813186813187,7.995493608937535,0.16666666666666666,0.0625,0.18708601621686613,-0.31208601621686616
18,0.75,0.9560439560439561,0.75,0.7502164502164502,0.6868131868131868,1.554945054945055,8.947866145708346,0.0,0.03125,0.22916358880378512,-0.2916635888037851
18,0.8125,0.967032967032967,0.8125,0.7993788819875777,0.6923076923076923,1.478021978021978,8.340076737537737,0.8,0.09375,0.1450084436299471,-0.33250844362994714
18,0.75,0.9615384615384616,0.75,0.6214285714285714,0.7032967032967034,1.5824175824175823,7.632381057610987,0.0,0.03125,0.22916358880378512,-0.2916635888037851
18,0.75,0.967032967032967,0.75,0.7633699633699634,0.6978021978021978,1.510989010989011,8.565124121519764,0.0,0.03125,0.1733892227471909,-0.2358892227471909
18,0.78125,0.945054945054945,0.78125,0.7678053830227742,0.6813186813186813,1.4615384615384615,8.783958356901906,0.16666666666666666,0.0625,0.18708601621686613,-0.31208601621686616
18,0.78125,0.978021978021978,0.78125,0.6595238095238096,0.6978021978021978,1.6263736263736264,7.69237994311641,0.25,0.0625,0.15989933807098816,-0.28489933807098816
18,0.71875,0.9835164835164835,0.71875,0.7320952380952381,0.6868131868131868,1.478021978021978,8.183674445482097,0.25,0.0,0.2205,-0.2205
18,0.8125,0.9725274725274725,0.8125,0.7993788819875777,0.6923076923076923,1.5274725274725274,9.701745023313764,0.8,0.09375,0.1450084436299471,-0.33250844362994714
18,0.71875,0.978021978021978,0.71875,0.7047619047619048,0.7142857142857143,1.5494505494505495,7.64155542024893,0.125,0.0,0.27124116139070414,-0.27124116139070414
18,0.75,0.945054945054945,0.75,0.6214285714285714,0.6813186813186813,1.3021978021978022,9.51379563566063,0.0,0.03125,0.20413649434396747,-0.26663649434396747
18,0.75,0.9615384615384616,0.75,0.7234048560135518,0.7142857142857143,1.6263736263736264,8.37217692210854,0.0,0.03125,0.22916358880378512,-0.2916635888037851
18,0.65625,0.9725274725274725,0.65625,0.6651532677848467,0.6923076923076923,1.6483516483516483,7.364967896675702,0.16666666666666666,-0.0625,0.31208601621686616,-0.18708601621686613
18,0.6875,0.967032967032967,0.6875,0.6060135516657256,0.6868131868131868,1.4615384615384615,7.837378588479778,0.0,-0.03125,0.26663649434396747,-0.20413649434396747
18,0.65625,0.9615384615384616,0.65625,0.5820346320346321,0.7142857142857143,1.4835164835164836,7.888784654638381,0.16666666666666666,-0.0625,0.31208601621686616,-0.18708601621686613
18,0.78125,0.967032967032967,0.78125,0.782712215320911,0.7032967032967034,1.4505494505494505,8.850573902798823,0.16666666666666666,0.0625,0.18708601621686613,-0.31208601621686616
18,0.78125,0.9945054945054945,0.78125,0.7671428571428571,0.7197802197802198,1.7417582417582418,7.474202268678646,0.16666666666666666,0.0625,0.18708601621686613,-0.31208601621686616
19,0.6875,0.9725274725274725,0.6875,0.5932234432234432,0.7197802197802198,1.5384615384615385,7.98120263955503,0.0,-0.03125,0.2358892227471909,-0.1733892227471909
19,0.65625,0.978021978021978,0.65625,0.5741758241758241,0.7197802197802198,1.6483516483516483,8.099894880322378,0.125,-0.0625,0.3350893619683055,-0.21008936196830552
19,0.6875,0.9945054945054945,0.6875,0.6141298701298701,0.6758241758241759,1.2692307692307692,7.238973256211096,0.0,-0.03125,0.2358892227471909,-0.1733892227471909
19,0.8125,0.9560439560439561,0.8125,0.7993788819875777,0.6923076923076923,1.4230769230769231,8.814198463077238,0.8,0.09375,0.1450084436299471,-0.33250844362994714
19,0.71875,0.9560439560439561,0.71875,0.7835497835497836,0.6813186813186813,1.478021978021978,8.733626576099208,0.125,0.0,0.27124116139070414,-0.27124116139070414
19,0.71875,0.989010989010989,0.71875,0.6239760239760239,0.6868131868131868,1.3076923076923077,6.984506636988731,0.5,0.0,0.1846205806953521,-0.1846205806953521
19,0.78125,0.9725274725274725,0.78125,0.7816450216450217,0.6538461538461539,1.434065934065934,8.078934096536624,0.16666666666666666,0.0625,0.18708601621686613,-0.31208601621686616
19,0.65625,0.9835164835164835,0.65625,0.697047619047619,0.6593406593406593,1.3956043956043955,7.875621743414403,0.25,-0.0625,0.28489933807098816,-0.15989933807098816
19,0.65625,0.9615384615384616,0.65625,0.5822981366459627,0.7252747252747253,1.7472527472527473,7.848631749993641,0.25,-0.0625,0.28489933807098816,-0.15989933807098816
19,0.6875,0.967032967032967,0.6875,0.5932234432234432,0.7032967032967034,1.4615384615384615,8.643471887037874,0.0,-0.03125,0.2358892227471909,-0.1733892227471909
19,0.84375,0.9725274725274725,0.84375,0.8167701863354037,0.6758241758241759,1.2417582417582418,7.008693902786669,1.5,0.125,0.12915747260377908,-0.3791574726037791
19,0.71875,0.9725274725274725,0.71875,0.6108831168831169,0.6648351648351648,1.4230769230769231,8.657135239172288,0.16666666666666666,0.0,0.24803124674546967,-0.24803124674546967
19,0.78125,0.9505494505494505,0.78125,0.7678053830227742,0.6868131868131868,1.3571428571428572,9.51404408043652,0.16666666666666666,0.0625,0.18708601621686613,-0.31208601621686616
19,0.75,0.9615384615384616,0.75,0.7234048560135518,0.7032967032967034,1.456043956043956,7.426225854306015,0.0,0.03125,0.20413649434396747,-0.26663649434396747
19,0.71875,0.9725274725274725,0.71875,0.6243386243386244,0.6978021978021978,1.4615384615384615,7.710653850583877,0.5,0.0,0.1846205806953521,-0.1846205806953521
19,0.78125,0.9560439560439561,0.78125,0.7678053830227742,0.7362637362637363,1.6978021978021978,8.69960677231903,0.16666666666666666,0.0625,0.18708601621686613,-0.31208601621686616
19,0.8125,0.978021978021978,0.8125,0.7993788819875777,0.6813186813186813,1.4175824175824177,8.421212484012532,0.8,0.09375,0.1450084436299471,-0.33250844362994714
19,0.6875,0.9945054945054945,0.6875,0.611005291005291,0.7582417582417582,1.5824175824175823,6.761722034446909,0.0,-0.03125,0.26663649434396747,-0.20413649434396747
19,0.6875,0.967032967032967,0.6875,0.6878317334839074,0.6978021978021978,1.4175824175824177,8.22650372082859,0.0,-0.03125,0.26663649434396747,-0.20413649434396747
19,0.78125,0.9615384615384616,0.78125,0.6379503105590062,0.6318681318681318,1.2087912087912087,9.2058888011769,0.16666666666666666,0.0625,0.18708601621686613,-0.31208601621686616
19,0.78125,0.945054945054945,0.78125,0.7816450216450217,0.6648351648351648,1.2252747252747254,8.624682688105366,0.16666666666666666,0.0625,0.18708601621686613,-0.31208601621686616
19,0.78125,0.9725274725274725,0.78125,0.6528571428571429,0.7362637362637363,1.5879120879120878,7.306576440115681,0.25,0.0625,0.15989933807098816,-0.28489933807098816
19,0.71875,0.9725274725274725,0.71875,0.6108831168831169,0.6703296703296703,1.2967032967032968,7.697893350654562,0.16666666666666666,0.0,0.24803124674546967,-0.24803124674546967
19,0.6875,0.9615384615384616,0.6875,0.5927012987012987,0.7142857142857143,1.6538461538461537,8.644478684583706,0.0,-0.03125,0.2916635888037851,-0.22916358880378512
19,0.75,0.9725274725274725,0.75,0.6279503105590062,0.7087912087912088,1.4065934065934067,7.33902938980367,0.0,0.03125,0.20413649434396747,-0.26663649434396747
19,0.75,0.978021978021978,0.75,0.7502164502164502,0.7087912087912088,1.7197802197802199,7.55333105791917,0.0,0.03125,0.22916358880378512,-0.2916635888037851
19,0.6875,0.9615384615384616,0.6875,0.6621212121212121,0.6868131868131868,1.510989010989011,7.896113533586547,0.0,-0.03125,0.31331873397762317,-0.25081873397762317
19,0.75,0.978021978021978,0.75,0.6214285714285714,0.7252747252747253,1.6043956043956045,7.679329095873408,0.0,0.03125,0.20413649434396747,-0.26663649434396747
19,0.71875,0.9615384615384616,0.71875,0.7060135516657257,0.7087912087912088,1.5934065934065933,7.995369192810763,0.125,0.0,0.27124116139070414,-0.27124116139070414
19,0.6875,0.989010989010989,0.6875,0.5782436162870945,0.6758241758241759,1.6483516483516483,7.938433114791754,0.0,-0.03125,0.2916635888037851,-0.22916358880378512
