numberOfClassifier,test accuracy,test accuracy_modify,test accuracy_sklearn,test accuracy_regression,training accuracy,training accuracy_modify,training accuracy_sklearn,training accuracy_regression,micro f1,micro f1_modify,micro f1_sklearn,micro f1_regression,macro f1,macro f1_modify,macro f1_sklearn,macro f1_regression,oobscore,oobscore_modify,strength,strength_modify,correlation,correlation_modify,mcnemar,e-e_modify,upper,downer
1,0.9847016828148903,1.0,0.9724630290668026,0.9688934217236104,0.9940291080980221,0.9997512128374176,0.9927851722851101,0.9718870506281876,0.9847016828148903,1.0,0.9724630290668026,0.9688934217236104,0.9833486176210855,1.0,0.9701763497163354,0.6462656199558511,0.4404776713521582,0.45640004975743254,0.43450677945018035,0.4561512625948501,0.13231817482893934,0.12442293129766027,28.033333333333335,0.015298317185109656,0.9702178311744613,-1.0008144655446805
2,0.9913309535951046,1.0,0.9673635900050994,0.9688934217236104,0.996392586142555,0.9995024256748352,0.9878094290334619,0.9718870506281876,0.9913309535951046,1.0,0.9673635900050994,0.9688934217236104,0.9906366341653174,1.0,0.9651807215545272,0.6462656199558511,0.6903843761661899,0.7012066177385247,0.8825724592611022,0.9074511755193432,0.2570859110362969,0.2501401535290219,15.058823529411764,0.008669046404895409,0.48546978070557834,-0.5028078735153693
3,0.9994900560938297,1.0,0.9994900560938297,0.9688934217236104,0.9998756064187088,0.9997512128374176,1.0,0.9718870506281876,0.9994900560938297,1.0,0.9994900560938297,0.9688934217236104,0.999446517534048,1.0,0.999446517534048,0.6462656199558511,0.8253514118671477,0.8362980470207737,1.3308869262346064,1.3596218435128746,0.3838181202126726,0.3759279188657428,0.0,0.0005099439061703182,0.32715646762604134,-0.328176355438382
4,0.9994900560938297,1.0,0.9887812340642529,0.9688934217236104,0.9998756064187088,0.9997512128374176,0.9988804577683792,0.9718870506281876,0.9994900560938297,1.0,0.9887812340642529,0.9688934217236104,0.999446517534048,1.0,0.9878790637249614,0.6462656199558511,0.9004851349670357,0.9105610150516233,1.7757183729319568,1.8102997885309118,0.511889679064325,0.49823968314834105,0.0,0.0005099439061703182,0.2454898009593747,-0.24650968877171534
5,0.9994900560938297,1.0,1.0,0.9688934217236104,0.9998756064187088,0.9997512128374176,1.0,0.9718870506281876,0.9994900560938297,1.0,1.0,0.9688934217236104,0.999446517534048,1.0,1.0,0.6462656199558511,0.9441472820002488,0.9523572583654684,2.2179375544221918,2.260480159223784,0.6369396574835725,0.6180902509770619,0.0,0.0005099439061703182,0.1964898009593747,-0.19750968877171535
6,0.9994900560938297,1.0,1.0,0.9688934217236104,0.9998756064187088,0.9997512128374176,1.0,0.9718870506281876,0.9994900560938297,1.0,1.0,0.9688934217236104,0.999446517534048,1.0,1.0,0.6462656199558511,0.9692747854210723,0.971513869884314,2.6636397561885805,2.7075506903843762,0.7614179684065888,0.7533747339731101,0.0,0.0005099439061703182,0.16382313429270803,-0.16484302210504867
7,1.0,1.0,1.0,0.9688934217236104,1.0,1.0,1.0,0.9718870506281876,1.0,1.0,1.0,0.9688934217236104,1.0,1.0,1.0,0.6462656199558511,0.9833312601069785,0.9839532280134345,3.1178007214827717,3.1566115188456276,0.8924556567741739,0.8718140359242582,0.0,0.0,0.13999999999999999,-0.13999999999999999
8,1.0,1.0,1.0,0.9688934217236104,1.0,1.0,1.0,0.9718870506281876,1.0,1.0,1.0,0.9688934217236104,1.0,1.0,1.0,0.6462656199558511,0.9917900236347804,0.990919268565742,3.5643736783181987,3.6025625077745986,1.009771060415186,1.0027660441913382,0.0,0.0,0.1225,-0.1225
9,1.0,1.0,1.0,0.9688934217236104,1.0,1.0,1.0,0.9718870506281876,1.0,1.0,1.0,0.9688934217236104,1.0,1.0,1.0,0.6462656199558511,0.9956462246548078,0.9952730439109342,4.016917527055604,4.049633038935191,1.1460671261377884,1.136371391929394,0.0,0.0,0.10888888888888888,-0.10888888888888888
10,1.0,1.0,0.9994900560938297,0.9688934217236104,1.0,1.0,1.0,0.9718870506281876,1.0,1.0,0.9994900560938297,0.9688934217236104,1.0,1.0,0.999446517534048,0.6462656199558511,0.9975121283741759,0.9976365219554671,4.452419455156114,4.502798855579052,1.279649748948296,1.2634082777938995,0.0,0.0,0.098,-0.098
11,1.0,1.0,1.0,0.9688934217236104,1.0,1.0,1.0,0.9718870506281876,1.0,1.0,1.0,0.9688934217236104,1.0,1.0,1.0,0.6462656199558511,0.9982584898619231,0.9982584898619231,4.882572459261102,4.955467097897748,1.4188300489307215,1.3958045640139354,0.0,0.0,0.0890909090909091,-0.0890909090909091
12,1.0,1.0,1.0,0.9688934217236104,1.0,1.0,1.0,0.9718870506281876,1.0,1.0,1.0,0.9688934217236104,1.0,1.0,1.0,0.6462656199558511,0.9990048513496703,0.9985072770245056,5.330886926234606,5.406891404403533,1.5397645702648501,1.5185933292923948,0.0,0.0,0.08166666666666667,-0.08166666666666667
13,1.0,1.0,1.0,0.9688934217236104,1.0,1.0,1.0,0.9718870506281876,1.0,1.0,1.0,0.9688934217236104,1.0,1.0,1.0,0.6462656199558511,0.9991292449309616,0.9990048513496703,5.776340340838413,5.854335116307999,1.6601400968666773,1.6397719626374612,0.0,0.0,0.07538461538461538,-0.07538461538461538
14,1.0,1.0,1.0,0.9688934217236104,1.0,1.0,1.0,0.9718870506281876,1.0,1.0,1.0,0.9688934217236104,1.0,1.0,1.0,0.6462656199558511,0.9992536385122528,0.9991292449309616,6.209851971638264,6.300534892399552,1.8072001391091634,1.7622107864215444,0.0,0.0,0.06999999999999999,-0.06999999999999999
15,1.0,1.0,0.9994900560938297,0.9688934217236104,1.0,1.0,1.0,0.9718870506281876,1.0,1.0,0.9994900560938297,0.9688934217236104,1.0,1.0,0.999446517534048,0.6462656199558511,0.9995024256748352,0.9991292449309616,6.650454036571713,6.750342082348551,1.9412224943739056,1.8776571806291582,0.0,0.0,0.06533333333333333,-0.06533333333333333
16,1.0,1.0,1.0,0.9688934217236104,1.0,1.0,1.0,0.9718870506281876,1.0,1.0,1.0,0.9688934217236104,1.0,1.0,1.0,0.6462656199558511,0.9996268192561264,0.9993780320935439,7.091429282249036,7.19504913546461,2.063640344180562,1.9986489134452952,0.0,0.0,0.06125,-0.06125
17,1.0,1.0,1.0,0.9688934217236104,1.0,1.0,1.0,0.9718870506281876,1.0,1.0,1.0,0.9688934217236104,1.0,1.0,1.0,0.6462656199558511,0.9995024256748352,0.9995024256748352,7.533399676576689,7.643114815275532,2.2038806693521615,2.137858021112022,0.0,0.0,0.05764705882352941,-0.05764705882352941
18,1.0,1.0,1.0,0.9688934217236104,1.0,1.0,1.0,0.9718870506281876,1.0,1.0,1.0,0.9688934217236104,1.0,1.0,1.0,0.6462656199558511,0.9995024256748352,0.9995024256748352,7.9664137330513745,8.091180495086453,2.3525826091529334,2.2641445368221245,0.0,0.0,0.05444444444444444,-0.05444444444444444
19,1.0,1.0,1.0,0.9688934217236104,1.0,1.0,1.0,0.9718870506281876,1.0,1.0,1.0,0.9688934217236104,1.0,1.0,1.0,0.6462656199558511,0.9996268192561264,0.9997512128374176,8.382385868889166,8.538126632665755,2.510965817228571,2.401476853860275,0.0,0.0,0.05157894736842105,-0.05157894736842105
20,1.0,1.0,0.9994900560938297,0.9688934217236104,1.0,1.0,1.0,0.9718870506281876,1.0,1.0,0.9994900560938297,0.9688934217236104,1.0,1.0,0.9994461730160017,0.6462656199558511,0.9996268192561264,0.9997512128374176,8.82348550814778,8.990048513496703,2.6537531233760205,2.5081400034389545,0.0,0.0,0.049,-0.049
21,1.0,1.0,1.0,0.9688934217236104,1.0,1.0,1.0,0.9718870506281876,1.0,1.0,1.0,0.9688934217236104,1.0,1.0,1.0,0.6462656199558511,0.9996268192561264,0.9997512128374176,9.255504415972135,9.433636024381142,2.7913363583092403,2.6313207482309817,0.0,0.0,0.04666666666666666,-0.04666666666666666
22,1.0,1.0,1.0,0.9688934217236104,1.0,1.0,1.0,0.9718870506281876,1.0,1.0,1.0,0.9688934217236104,1.0,1.0,1.0,0.6462656199558511,0.9998756064187088,0.9997512128374176,9.706182360990173,9.886677447443711,2.917355095020578,2.7575446960216565,0.0,0.0,0.04454545454545455,-0.04454545454545455
23,1.0,1.0,1.0,0.9688934217236104,1.0,1.0,1.0,0.9718870506281876,1.0,1.0,1.0,0.9688934217236104,1.0,1.0,1.0,0.6462656199558511,0.9998756064187088,0.9997512128374176,10.15263092424431,10.334121159348177,3.0143395401751647,2.8867167032918415,0.0,0.0,0.042608695652173914,-0.042608695652173914
24,1.0,1.0,1.0,0.9688934217236104,1.0,1.0,1.0,0.9718870506281876,1.0,1.0,1.0,0.9688934217236104,1.0,1.0,1.0,0.6462656199558511,0.9997512128374176,0.9997512128374176,10.602064933449434,10.786043040179127,3.1610462662369883,3.012388747691006,0.0,0.0,0.04083333333333333,-0.04083333333333333
25,1.0,1.0,1.0,0.9688934217236104,1.0,1.0,1.0,0.9718870506281876,1.0,1.0,1.0,0.9688934217236104,1.0,1.0,1.0,0.6462656199558511,0.9996268192561264,0.9997512128374176,11.0537380271178,11.23746734668491,3.290147794746372,3.1083824992820492,0.0,0.0,0.0392,-0.0392
26,1.0,1.0,1.0,0.9688934217236104,1.0,1.0,1.0,0.9718870506281876,1.0,1.0,1.0,0.9688934217236104,1.0,1.0,1.0,0.6462656199558511,0.9995024256748352,0.9997512128374176,11.502176887672595,11.687150143052618,3.410212405571132,3.2179400649946825,0.0,0.0,0.03769230769230769,-0.03769230769230769
27,1.0,1.0,1.0,0.9688934217236104,1.0,1.0,1.0,0.9718870506281876,1.0,1.0,1.0,0.9688934217236104,1.0,1.0,1.0,0.6462656199558511,0.9995024256748352,0.9997512128374176,11.95260604552805,12.136584152257743,3.528592683879425,3.3380366202236433,0.0,0.0,0.03629629629629629,-0.03629629629629629
28,1.0,1.0,1.0,0.9688934217236104,1.0,1.0,1.0,0.9718870506281876,1.0,1.0,1.0,0.9688934217236104,1.0,1.0,1.0,0.6462656199558511,0.9996268192561264,0.9997512128374176,12.398930215200895,12.587510884438363,3.679662651384168,3.488771638445954,0.0,0.0,0.034999999999999996,-0.034999999999999996
29,1.0,1.0,1.0,0.9688934217236104,1.0,1.0,1.0,0.9718870506281876,1.0,1.0,1.0,0.9688934217236104,1.0,1.0,1.0,0.6462656199558511,0.9996268192561264,0.9996268192561264,12.824978231123273,13.040427913919642,3.8439051869729135,3.6229218981134603,0.0,0.0,0.03379310344827586,-0.03379310344827586
30,1.0,1.0,1.0,0.9688934217236104,1.0,1.0,1.0,0.9718870506281876,1.0,1.0,1.0,0.9688934217236104,1.0,1.0,1.0,0.6462656199558511,0.9996268192561264,0.9996268192561264,13.274039059584526,13.491976614006717,3.9711921058580426,3.744855477210052,0.0,0.0,0.03266666666666666,-0.03266666666666666
31,1.0,1.0,1.0,0.9688934217236104,1.0,1.0,1.0,0.9718870506281876,1.0,1.0,1.0,0.9688934217236104,1.0,1.0,1.0,0.6462656199558511,0.9997512128374176,0.9996268192561264,13.72446821743998,13.941659410374424,4.113139223183438,3.840341833544566,0.0,0.0,0.03161290322580645,-0.03161290322580645
32,1.0,1.0,1.0,0.9688934217236104,1.0,1.0,1.0,0.9718870506281876,1.0,1.0,1.0,0.9688934217236104,1.0,1.0,1.0,0.6462656199558511,0.9998756064187088,0.9996268192561264,14.141808682671973,14.38698843139694,4.267165710044359,3.9660147970967703,0.0,0.0,0.030625,-0.030625
33,1.0,1.0,1.0,0.9688934217236104,1.0,1.0,1.0,0.9718870506281876,1.0,1.0,1.0,0.9688934217236104,1.0,1.0,1.0,0.6462656199558511,0.9998756064187088,0.9996268192561264,14.577186217191192,14.837417589252395,4.455334648418069,4.074509383401526,0.0,0.0,0.029696969696969697,-0.029696969696969697
34,1.0,1.0,1.0,0.9688934217236104,1.0,1.0,1.0,0.9718870506281876,1.0,1.0,1.0,0.9688934217236104,1.0,1.0,1.0,0.6462656199558511,0.9998756064187088,0.9996268192561264,15.022390844632417,15.287473566363976,4.564751504362759,4.201650724443647,0.0,0.0,0.028823529411764706,-0.028823529411764706
35,1.0,1.0,1.0,0.9688934217236104,1.0,1.0,1.0,0.9718870506281876,1.0,1.0,1.0,0.9688934217236104,1.0,1.0,1.0,0.6462656199558511,0.9997512128374176,0.9997512128374176,15.478168926483393,15.73491727826844,4.673896856064375,4.3221527901255286,0.0,0.0,0.027999999999999997,-0.027999999999999997
36,1.0,1.0,1.0,0.9688934217236104,1.0,1.0,1.0,0.9718870506281876,1.0,1.0,1.0,0.9688934217236104,1.0,1.0,1.0,0.6462656199558511,0.9997512128374176,0.9997512128374176,15.92038810797363,16.18198780942903,4.81442593386412,4.4711059750125335,0.0,0.0,0.02722222222222222,-0.02722222222222222
37,1.0,1.0,1.0,0.9688934217236104,1.0,1.0,1.0,0.9718870506281876,1.0,1.0,1.0,0.9688934217236104,1.0,1.0,1.0,0.6462656199558511,0.9997512128374176,0.9996268192561264,16.367707426296803,16.627068043288965,5.000749346284382,4.593278846410184,0.0,0.0,0.026486486486486487,-0.026486486486486487
38,1.0,1.0,1.0,0.9688934217236104,1.0,1.0,1.0,0.9718870506281876,1.0,1.0,1.0,0.9688934217236104,1.0,1.0,1.0,0.6462656199558511,0.9997512128374176,0.9997512128374176,16.793257867894017,17.079985072770246,5.147922294928351,4.711493951413121,0.0,0.0,0.025789473684210525,-0.025789473684210525
39,1.0,1.0,1.0,0.9688934217236104,1.0,1.0,1.0,0.9718870506281876,1.0,1.0,1.0,0.9688934217236104,1.0,1.0,1.0,0.6462656199558511,0.9996268192561264,0.9997512128374176,17.24343823858689,17.53165816643861,5.298337216392705,4.829616133952187,0.0,0.0,0.025128205128205128,-0.025128205128205128
40,1.0,1.0,1.0,0.9688934217236104,1.0,1.0,1.0,0.9718870506281876,1.0,1.0,1.0,0.9688934217236104,1.0,1.0,1.0,0.6462656199558511,0.9996268192561264,0.9997512128374176,17.68615499440229,17.980843388481155,5.418944816820756,4.959888299115119,0.0,0.0,0.0245,-0.0245
41,1.0,1.0,1.0,0.9688934217236104,1.0,1.0,1.0,0.9718870506281876,1.0,1.0,1.0,0.9688934217236104,1.0,1.0,1.0,0.6462656199558511,0.9996268192561264,0.9997512128374176,18.134345067794502,18.43475556661276,5.544867533134718,5.067328543468593,0.0,0.0,0.023902439024390244,-0.023902439024390244
42,1.0,1.0,1.0,0.9688934217236104,1.0,1.0,1.0,0.9718870506281876,1.0,1.0,1.0,0.9688934217236104,1.0,1.0,1.0,0.6462656199558511,0.9996268192561264,0.9997512128374176,18.56748351785048,18.8896628933947,5.664914480064394,5.1940625310837065,0.0,0.0,0.02333333333333333,-0.02333333333333333
43,1.0,1.0,1.0,0.9688934217236104,1.0,1.0,1.0,0.9718870506281876,1.0,1.0,1.0,0.9688934217236104,1.0,1.0,1.0,0.6462656199558511,0.9997512128374176,0.9997512128374176,19.016419952730438,19.33536509516109,5.78402849896929,5.347763713512752,0.0,0.0,0.022790697674418603,-0.022790697674418603
44,1.0,1.0,1.0,0.9688934217236104,1.0,1.0,1.0,0.9718870506281876,1.0,1.0,1.0,0.9688934217236104,1.0,1.0,1.0,0.6462656199558511,0.9997512128374176,0.9997512128374176,19.46224654807812,19.78455031720363,5.855033833462199,5.474278895337281,0.0,0.0,0.022272727272727274,-0.022272727272727274
45,1.0,1.0,1.0,0.9688934217236104,1.0,1.0,1.0,0.9718870506281876,1.0,1.0,1.0,0.9688934217236104,1.0,1.0,1.0,0.6462656199558511,0.9997512128374176,0.9997512128374176,19.90085831571091,20.237840527428784,6.002484919779908,5.588684659039475,0.0,0.0,0.021777777777777778,-0.021777777777777778
46,1.0,1.0,1.0,0.9688934217236104,1.0,1.0,1.0,0.9718870506281876,1.0,1.0,1.0,0.9688934217236104,1.0,1.0,1.0,0.6462656199558511,0.9997512128374176,0.9997512128374176,20.342206742132106,20.68142803831322,6.156433929306315,5.738655812911,0.0,0.0,0.021304347826086957,-0.021304347826086957
47,1.0,1.0,1.0,0.9688934217236104,1.0,1.0,1.0,0.9718870506281876,1.0,1.0,1.0,0.9688934217236104,1.0,1.0,1.0,0.6462656199558511,0.9997512128374176,0.9997512128374176,20.755939793506656,21.126757059335738,6.3423907129849715,5.883698555363107,0.0,0.0,0.02085106382978723,-0.02085106382978723
48,1.0,1.0,0.9994900560938297,0.9688934217236104,1.0,1.0,1.0,0.9718870506281876,1.0,1.0,0.9994900560938297,0.9688934217236104,1.0,1.0,0.9994461730160017,0.6462656199558511,0.9997512128374176,0.9997512128374176,21.176141311108346,21.57979848239831,6.5056030086101275,6.014304180585783,0.0,0.0,0.020416666666666666,-0.020416666666666666
49,1.0,1.0,1.0,0.9688934217236104,1.0,1.0,1.0,0.9718870506281876,1.0,1.0,1.0,0.9688934217236104,1.0,1.0,1.0,0.6462656199558511,0.9997512128374176,0.9997512128374176,21.610523696977236,22.027242194302772,6.655727913114723,6.182163689461217,0.0,0.0,0.019999999999999997,-0.019999999999999997
50,1.0,1.0,1.0,0.9688934217236104,1.0,1.0,1.0,0.9718870506281876,1.0,1.0,1.0,0.9688934217236104,1.0,1.0,1.0,0.6462656199558511,0.9997512128374176,0.9997512128374176,22.056101505162335,22.47269560890658,6.8037253545246825,6.307845909994872,0.0,0.0,0.0196,-0.0196
51,1.0,1.0,1.0,0.9688934217236104,1.0,1.0,1.0,0.9718870506281876,1.0,1.0,1.0,0.9688934217236104,1.0,1.0,1.0,0.6462656199558511,0.9997512128374176,0.9997512128374176,22.505411120786167,22.91715387486006,6.930591461079585,6.432251138622487,0.0,0.0,0.019215686274509803,-0.019215686274509803
52,1.0,1.0,1.0,0.9688934217236104,1.0,1.0,1.0,0.9718870506281876,1.0,1.0,1.0,0.9688934217236104,1.0,1.0,1.0,0.6462656199558511,0.9997512128374176,0.9997512128374176,22.92810051001368,23.367209851971637,7.098091155340084,6.5924363210486385,0.0,0.0,0.018846153846153846,-0.018846153846153846
53,1.0,1.0,1.0,0.9688934217236104,1.0,1.0,1.0,0.9718870506281876,1.0,1.0,1.0,0.9688934217236104,1.0,1.0,1.0,0.6462656199558511,0.9997512128374176,0.9997512128374176,23.376166189824605,23.812787660156737,7.237727404617868,6.737512790011455,0.0,0.0,0.01849056603773585,-0.01849056603773585
54,1.0,1.0,1.0,0.9688934217236104,1.0,1.0,1.0,0.9718870506281876,1.0,1.0,1.0,0.9688934217236104,1.0,1.0,1.0,0.6462656199558511,0.9997512128374176,0.9997512128374176,23.82759049633039,24.26607787038189,7.388548230648384,6.866921482124336,0.0,0.0,0.018148148148148146,-0.018148148148148146
55,1.0,1.0,1.0,0.9688934217236104,1.0,1.0,1.0,0.9718870506281876,1.0,1.0,1.0,0.9688934217236104,1.0,1.0,1.0,0.6462656199558511,0.9997512128374176,0.9997512128374176,24.279014802836173,24.712402040054734,7.492296256192901,7.010626489733878,0.0,0.0,0.017818181818181816,-0.017818181818181816
56,1.0,1.0,1.0,0.9688934217236104,1.0,1.0,1.0,0.9718870506281876,1.0,1.0,1.0,0.9688934217236104,1.0,1.0,1.0,0.6462656199558511,0.9997512128374176,0.9997512128374176,24.710287349172784,25.162333623585024,7.663251125934522,7.14903323589213,0.0,0.0,0.017499999999999998,-0.017499999999999998
57,1.0,1.0,1.0,0.9688934217236104,1.0,1.0,1.0,0.9718870506281876,1.0,1.0,1.0,0.9688934217236104,1.0,1.0,1.0,0.6462656199558511,0.9997512128374176,0.9997512128374176,25.164572708048265,25.610523696977236,7.784018958873583,7.241091111394204,0.0,0.0,0.01719298245614035,-0.01719298245614035
58,1.0,1.0,1.0,0.9688934217236104,1.0,1.0,1.0,0.9718870506281876,1.0,1.0,1.0,0.9688934217236104,1.0,1.0,1.0,0.6462656199558511,0.9997512128374176,0.9997512128374176,25.608160218932703,26.05896255753203,7.872211005138411,7.401872553136707,0.0,0.0,0.01689655172413793,-0.01689655172413793
59,1.0,1.0,1.0,0.9688934217236104,1.0,1.0,1.0,0.9718870506281876,1.0,1.0,1.0,0.9688934217236104,1.0,1.0,1.0,0.6462656199558511,0.9996268192561264,0.9997512128374176,26.0495086453539,26.50677945018037,8.015075492123401,7.531698829230393,0.0,0.0,0.016610169491525422,-0.016610169491525422
60,1.0,1.0,1.0,0.9688934217236104,1.0,1.0,1.0,0.9718870506281876,1.0,1.0,1.0,0.9688934217236104,1.0,1.0,1.0,0.6462656199558511,0.9996268192561264,0.9997512128374176,26.49334494340092,26.956959820873244,8.175713780132625,7.682458409541104,0.0,0.0,0.01633333333333333,-0.01633333333333333
61,1.0,1.0,1.0,0.9688934217236104,1.0,1.0,1.0,0.9718870506281876,1.0,1.0,1.0,0.9688934217236104,1.0,1.0,1.0,0.6462656199558511,0.9996268192561264,0.9997512128374176,26.941535016793132,27.4116183604926,8.311525383604913,7.824334461417672,0.0,0.0,0.016065573770491805,-0.016065573770491805
62,1.0,1.0,1.0,0.9688934217236104,1.0,1.0,1.0,0.9718870506281876,1.0,1.0,1.0,0.9688934217236104,1.0,1.0,1.0,0.6462656199558511,0.9996268192561264,0.9997512128374176,27.38810797362856,27.866276900111956,8.40477756807521,7.933397219846509,0.0,0.0,0.015806451612903224,-0.015806451612903224
63,1.0,1.0,1.0,0.9688934217236104,1.0,1.0,1.0,0.9718870506281876,1.0,1.0,1.0,0.9688934217236104,1.0,1.0,1.0,0.6462656199558511,0.9997512128374176,0.9997512128374176,27.82560019902973,28.312227889040926,8.564083951256812,8.071296321007631,0.0,0.0,0.015555555555555555,-0.015555555555555555
64,1.0,1.0,1.0,0.9688934217236104,1.0,1.0,1.0,0.9718870506281876,1.0,1.0,1.0,0.9688934217236104,1.0,1.0,1.0,0.6462656199558511,0.9996268192561264,0.9997512128374176,28.269934071401916,28.759920388107975,8.70483997398826,8.211888365961093,0.0,0.0,0.0153125,-0.0153125
65,1.0,1.0,1.0,0.9688934217236104,1.0,1.0,1.0,0.9718870506281876,1.0,1.0,1.0,0.9688934217236104,1.0,1.0,1.0,0.6462656199558511,0.9996268192561264,0.9997512128374176,28.71613384749347,29.20748849359373,8.872389698310625,8.343417286501875,0.0,0.0,0.015076923076923078,-0.015076923076923078
66,1.0,1.0,1.0,0.9688934217236104,1.0,1.0,1.0,0.9718870506281876,1.0,1.0,1.0,0.9688934217236104,1.0,1.0,1.0,0.6462656199558511,0.9997512128374176,0.9997512128374176,29.165567856698594,29.651946759547208,9.06405005079457,8.491542491325161,0.0,0.0,0.014848484848484849,-0.014848484848484849
67,1.0,1.0,1.0,0.9688934217236104,1.0,1.0,1.0,0.9718870506281876,1.0,1.0,1.0,0.9688934217236104,1.0,1.0,1.0,0.6462656199558511,0.9997512128374176,0.9997512128374176,29.616494588879213,30.100385620102003,9.180674279489795,8.631232290758179,0.0,0.0,0.01462686567164179,-0.01462686567164179
68,1.0,1.0,1.0,0.9688934217236104,1.0,1.0,1.0,0.9718870506281876,1.0,1.0,1.0,0.9688934217236104,1.0,1.0,1.0,0.6462656199558511,0.9997512128374176,0.9997512128374176,30.06617738524692,30.546461002612265,9.366866947814788,8.76368608515125,0.0,0.0,0.014411764705882353,-0.014411764705882353
69,1.0,1.0,1.0,0.9688934217236104,1.0,1.0,1.0,0.9718870506281876,1.0,1.0,1.0,0.9688934217236104,1.0,1.0,1.0,0.6462656199558511,0.9997512128374176,0.9997512128374176,30.516357755939794,30.990421694240577,9.520510281217248,8.885579923080677,0.0,0.0,0.014202898550724638,-0.014202898550724638
70,1.0,1.0,1.0,0.9688934217236104,1.0,1.0,1.0,0.9718870506281876,1.0,1.0,1.0,0.9688934217236104,1.0,1.0,1.0,0.6462656199558511,0.9998756064187088,0.9997512128374176,30.94862545092673,31.440353277770868,9.668605322245375,9.001439094036236,0.0,0.0,0.013999999999999999,-0.013999999999999999
71,1.0,1.0,1.0,0.9688934217236104,1.0,1.0,1.0,0.9718870506281876,1.0,1.0,1.0,0.9688934217236104,1.0,1.0,1.0,0.6462656199558511,0.9998756064187088,0.9997512128374176,31.37355392461749,31.894141062321186,9.844610332744447,9.14480366221866,0.0,0.0,0.01380281690140845,-0.01380281690140845
72,1.0,1.0,1.0,0.9688934217236104,1.0,1.0,1.0,0.9718870506281876,1.0,1.0,1.0,0.9688934217236104,1.0,1.0,1.0,0.6462656199558511,0.9998756064187088,0.9997512128374176,31.807438736161213,32.34469461375793,9.994833413490252,9.277485100196152,0.0,0.0,0.01361111111111111,-0.01361111111111111
73,1.0,1.0,1.0,0.9688934217236104,1.0,1.0,1.0,0.9718870506281876,1.0,1.0,1.0,0.9688934217236104,1.0,1.0,1.0,0.6462656199558511,0.9998756064187088,0.9997512128374176,32.25625077745988,32.792013932081105,10.117768415477183,9.447222335343897,0.0,0.0,0.013424657534246574,-0.013424657534246574
74,1.0,1.0,1.0,0.9688934217236104,1.0,1.0,1.0,0.9718870506281876,1.0,1.0,1.0,0.9688934217236104,1.0,1.0,1.0,0.6462656199558511,0.9997512128374176,0.9997512128374176,32.69884313969399,33.23945764398557,10.261076499656268,9.568862676474696,0.0,0.0,0.013243243243243243,-0.013243243243243243
75,1.0,1.0,1.0,0.9688934217236104,1.0,1.0,1.0,0.9718870506281876,1.0,1.0,1.0,0.9688934217236104,1.0,1.0,1.0,0.6462656199558511,0.9997512128374176,0.9997512128374176,33.118173902226644,33.69324542853589,10.440566869145975,9.710095138988219,0.0,0.0,0.013066666666666667,-0.013066666666666667
76,1.0,1.0,1.0,0.9688934217236104,1.0,1.0,1.0,0.9718870506281876,1.0,1.0,1.0,0.9688934217236104,1.0,1.0,1.0,0.6462656199558511,0.9997512128374176,0.9997512128374176,33.570095783057596,34.14068914044035,10.570264477383455,9.841974535626711,0.0,0.0,0.012894736842105263,-0.012894736842105263
77,1.0,1.0,1.0,0.9688934217236104,1.0,1.0,1.0,0.9718870506281876,1.0,1.0,1.0,0.9688934217236104,1.0,1.0,1.0,0.6462656199558511,0.9997512128374176,0.9997512128374176,34.00385620102003,34.58464983206866,10.784973477162188,9.968767223533083,0.0,0.0,0.012727272727272728,-0.012727272727272728
78,1.0,1.0,1.0,0.9688934217236104,1.0,1.0,1.0,0.9718870506281876,1.0,1.0,1.0,0.9688934217236104,1.0,1.0,1.0,0.6462656199558511,0.9998756064187088,0.9997512128374176,34.452170667993535,35.033959447692496,10.906718829849284,10.115802359582451,0.0,0.0,0.012564102564102564,-0.012564102564102564
79,1.0,1.0,1.0,0.9688934217236104,1.0,1.0,1.0,0.9718870506281876,1.0,1.0,1.0,0.9688934217236104,1.0,1.0,1.0,0.6462656199558511,0.9998756064187088,0.9997512128374176,34.90396815524319,35.47928846871501,11.058475190860896,10.253172410057996,0.0,0.0,0.01240506329113924,-0.01240506329113924
80,1.0,1.0,1.0,0.9688934217236104,1.0,1.0,1.0,0.9718870506281876,1.0,1.0,1.0,0.9688934217236104,1.0,1.0,1.0,0.6462656199558511,0.9998756064187088,0.9997512128374176,35.354272919517356,35.927478542107224,11.189849250928432,10.407085474751256,0.0,0.0,0.01225,-0.01225
81,1.0,1.0,1.0,0.9688934217236104,1.0,1.0,1.0,0.9718870506281876,1.0,1.0,1.0,0.9688934217236104,1.0,1.0,1.0,0.6462656199558511,0.9998756064187088,0.9997512128374176,35.768503545217065,36.38101753949496,11.339634837302409,10.50504330892947,0.0,0.0,0.012098765432098764,-0.012098765432098764
82,1.0,1.0,1.0,0.9688934217236104,1.0,1.0,1.0,0.9718870506281876,1.0,1.0,1.0,0.9688934217236104,1.0,1.0,1.0,0.6462656199558511,0.9998756064187088,0.9997512128374176,36.2149521084712,36.82871003856201,11.476468461229617,10.657707353000632,0.0,0.0,0.011951219512195122,-0.011951219512195122
83,1.0,1.0,1.0,0.9688934217236104,1.0,1.0,1.0,0.9718870506281876,1.0,1.0,1.0,0.9688934217236104,1.0,1.0,1.0,0.6462656199558511,0.9998756064187088,0.9997512128374176,36.666003234233116,37.28013434506779,11.579594474094135,10.79267709200712,0.0,0.0,0.011807228915662651,-0.011807228915662651
84,1.0,1.0,1.0,0.9688934217236104,1.0,1.0,1.0,0.9718870506281876,1.0,1.0,1.0,0.9688934217236104,1.0,1.0,1.0,0.6462656199558511,0.9998756064187088,0.9997512128374176,37.09715138698843,37.725960940415476,11.735237268763722,10.930394146018353,0.0,0.0,0.011666666666666665,-0.011666666666666665
85,1.0,1.0,1.0,0.9688934217236104,1.0,1.0,1.0,0.9718870506281876,1.0,1.0,1.0,0.9688934217236104,1.0,1.0,1.0,0.6462656199558511,0.9998756064187088,0.9997512128374176,37.540614504291575,38.17626570468964,11.841816100994269,11.074267904838239,0.0,0.0,0.011529411764705882,-0.011529411764705882
86,1.0,1.0,1.0,0.9688934217236104,1.0,1.0,1.0,0.9718870506281876,1.0,1.0,1.0,0.9688934217236104,1.0,1.0,1.0,0.6462656199558511,0.9998756064187088,0.9997512128374176,37.95608906580421,38.624082597337974,11.983747193739715,11.195842647815812,0.0,0.0,0.011395348837209301,-0.011395348837209301
87,1.0,1.0,1.0,0.9688934217236104,1.0,1.0,1.0,0.9718870506281876,1.0,1.0,1.0,0.9688934217236104,1.0,1.0,1.0,0.6462656199558511,0.9998756064187088,0.9997512128374176,38.40676701082224,39.07625326533151,12.105627064389509,11.327540718638799,0.0,0.0,0.011264367816091954,-0.011264367816091954
88,1.0,1.0,1.0,0.9688934217236104,1.0,1.0,1.0,0.9718870506281876,1.0,1.0,1.0,0.9688934217236104,1.0,1.0,1.0,0.6462656199558511,0.9998756064187088,0.9997512128374176,38.84202015176017,39.529916656300536,12.255925167567865,11.44119395187155,0.0,0.0,0.011136363636363637,-0.011136363636363637
89,1.0,1.0,1.0,0.9688934217236104,1.0,1.0,1.0,0.9718870506281876,1.0,1.0,1.0,0.9688934217236104,1.0,1.0,1.0,0.6462656199558511,0.9998756064187088,0.9997512128374176,39.27752207986068,39.97698718746113,12.412623710872516,11.555981095170413,0.0,0.0,0.01101123595505618,-0.01101123595505618
90,1.0,1.0,1.0,0.9688934217236104,1.0,1.0,1.0,0.9718870506281876,1.0,1.0,1.0,0.9688934217236104,1.0,1.0,1.0,0.6462656199558511,0.9998756064187088,0.9997512128374176,39.71563627316831,40.42356014429655,12.540169609006677,11.698990328449545,0.0,0.0,0.010888888888888889,-0.010888888888888889
91,1.0,1.0,1.0,0.9688934217236104,1.0,1.0,1.0,0.9718870506281876,1.0,1.0,1.0,0.9688934217236104,1.0,1.0,1.0,0.6462656199558511,0.9998756064187088,0.9997512128374176,40.15424804080109,40.869386739644234,12.77059405967053,11.8069781883111,0.0,0.0,0.01076923076923077,-0.01076923076923077
92,1.0,1.0,1.0,0.9688934217236104,1.0,1.0,1.0,0.9718870506281876,1.0,1.0,1.0,0.9688934217236104,1.0,1.0,1.0,0.6462656199558511,0.9998756064187088,0.9997512128374176,40.58726209727578,41.32193058838164,12.929075659097755,11.960739869071084,0.0,0.0,0.010652173913043479,-0.010652173913043479
93,1.0,1.0,1.0,0.9688934217236104,1.0,1.0,1.0,0.9718870506281876,1.0,1.0,1.0,0.9688934217236104,1.0,1.0,1.0,0.6462656199558511,0.9998756064187088,0.9997512128374176,41.01741510138077,41.769249906704815,13.145121298973367,12.075129164992848,0.0,0.0,0.010537634408602151,-0.010537634408602151
94,1.0,1.0,1.0,0.9688934217236104,1.0,1.0,1.0,0.9718870506281876,1.0,1.0,1.0,0.9688934217236104,1.0,1.0,1.0,0.6462656199558511,0.9998756064187088,0.9997512128374176,41.46560517477298,42.21171787535763,13.271613695099978,12.236921763901574,0.0,0.0,0.010425531914893616,-0.010425531914893616
95,1.0,1.0,1.0,0.9688934217236104,1.0,1.0,1.0,0.9718870506281876,1.0,1.0,1.0,0.9688934217236104,1.0,1.0,1.0,0.6462656199558511,0.9997512128374176,0.9997512128374176,41.91006344072646,42.666127627814404,13.369752815354397,12.358286583730427,0.0,0.0,0.01031578947368421,-0.01031578947368421
96,1.0,1.0,1.0,0.9688934217236104,1.0,1.0,1.0,0.9718870506281876,1.0,1.0,1.0,0.9688934217236104,1.0,1.0,1.0,0.6462656199558511,0.9997512128374176,0.9997512128374176,42.36472198034581,43.113944520462745,13.475611639798332,12.520122400661181,0.0,0.0,0.010208333333333333,-0.010208333333333333
97,1.0,1.0,1.0,0.9688934217236104,1.0,1.0,1.0,0.9718870506281876,1.0,1.0,1.0,0.9688934217236104,1.0,1.0,1.0,0.6462656199558511,0.9998756064187088,0.9997512128374176,42.811792511506404,43.565244433387235,13.620725752535064,12.668598774364654,0.0,0.0,0.010103092783505154,-0.010103092783505154
98,1.0,1.0,1.0,0.9688934217236104,1.0,1.0,1.0,0.9718870506281876,1.0,1.0,1.0,0.9688934217236104,1.0,1.0,1.0,0.6462656199558511,0.9998756064187088,0.9997512128374176,43.25637517104117,44.01318571961687,13.71897133603133,12.80836406246587,0.0,0.0,0.009999999999999998,-0.009999999999999998
99,1.0,1.0,1.0,0.9688934217236104,1.0,1.0,1.0,0.9718870506281876,1.0,1.0,1.0,0.9688934217236104,1.0,1.0,1.0,0.6462656199558511,0.9998756064187088,0.9997512128374176,43.702574947132725,44.461624580171666,13.80639640208321,12.941817170230056,0.0,0.0,0.0098989898989899,-0.0098989898989899
100,1.0,1.0,1.0,0.9688934217236104,1.0,1.0,1.0,0.9718870506281876,1.0,1.0,1.0,0.9688934217236104,1.0,1.0,1.0,0.6462656199558511,0.9998756064187088,0.9997512128374176,44.154123647219805,44.907699962681924,13.896953542840285,13.119274045298091,0.0,0.0,0.0098,-0.0098
101,1.0,1.0,1.0,0.9688934217236104,1.0,1.0,1.0,0.9718870506281876,1.0,1.0,1.0,0.9688934217236104,1.0,1.0,1.0,0.6462656199558511,0.9998756064187088,0.9997512128374176,44.600074636148776,45.3621097151387,14.043337963361335,13.277229003788452,0.0,0.0,0.009702970297029703,-0.009702970297029703
102,1.0,1.0,1.0,0.9688934217236104,1.0,1.0,1.0,0.9718870506281876,1.0,1.0,1.0,0.9688934217236104,1.0,1.0,1.0,0.6462656199558511,0.9998756064187088,0.9997512128374176,45.0381888294564,45.80781191690509,14.25261786178718,13.391735560928561,0.0,0.0,0.009607843137254901,-0.009607843137254901
103,1.0,1.0,1.0,0.9688934217236104,1.0,1.0,1.0,0.9718870506281876,1.0,1.0,1.0,0.9688934217236104,1.0,1.0,1.0,0.6462656199558511,0.9998756064187088,0.9997512128374176,45.48737405149894,46.25376290583406,14.408830562044725,13.563383248017283,0.0,0.0,0.009514563106796116,-0.009514563106796116
104,1.0,1.0,1.0,0.9688934217236104,1.0,1.0,1.0,0.9718870506281876,1.0,1.0,1.0,0.9688934217236104,1.0,1.0,1.0,0.6462656199558511,0.9998756064187088,0.9997512128374176,45.938798358004725,46.70406767010822,14.578260488685576,13.73834244294955,0.0,0.0,0.009423076923076923,-0.009423076923076923
105,1.0,1.0,1.0,0.9688934217236104,1.0,1.0,1.0,0.9718870506281876,1.0,1.0,1.0,0.9688934217236104,1.0,1.0,1.0,0.6462656199558511,0.9998756064187088,0.9997512128374176,46.38226147530787,47.15499440228884,14.702416018277892,13.8716867528641,0.0,0.0,0.009333333333333334,-0.009333333333333334
106,1.0,1.0,1.0,0.9688934217236104,1.0,1.0,1.0,0.9718870506281876,1.0,1.0,1.0,0.9688934217236104,1.0,1.0,1.0,0.6462656199558511,0.9997512128374176,0.9997512128374176,46.79860679188954,47.600820997636525,14.900662688519402,14.005058551012661,0.0,0.0,0.009245283018867925,-0.009245283018867925
107,1.0,1.0,1.0,0.9688934217236104,1.0,1.0,1.0,0.9718870506281876,1.0,1.0,1.0,0.9688934217236104,1.0,1.0,1.0,0.6462656199558511,0.9997512128374176,0.9997512128374176,47.24542853588755,48.051374549073266,15.045181989494143,14.107031106937452,0.0,0.0,0.009158878504672896,-0.009158878504672896
108,1.0,1.0,1.0,0.9688934217236104,1.0,1.0,1.0,0.9718870506281876,1.0,1.0,1.0,0.9688934217236104,1.0,1.0,1.0,0.6462656199558511,0.9997512128374176,0.9997512128374176,47.69050876974748,48.4993158353029,15.226287768704863,14.254567135151893,0.0,0.0,0.009074074074074073,-0.009074074074074073
109,1.0,1.0,1.0,0.9688934217236104,1.0,1.0,1.0,0.9718870506281876,1.0,1.0,1.0,0.9688934217236104,1.0,1.0,1.0,0.6462656199558511,0.9997512128374176,0.9997512128374176,48.13509142928225,48.949371812414476,15.335869490439032,14.379838107100879,0.0,0.0,0.008990825688073394,-0.008990825688073394
110,1.0,1.0,1.0,0.9688934217236104,1.0,1.0,1.0,0.9718870506281876,1.0,1.0,1.0,0.9688934217236104,1.0,1.0,1.0,0.6462656199558511,0.9997512128374176,0.9997512128374176,48.56910063440726,49.40539868142804,15.522848191755827,14.52375010300942,0.0,0.0,0.008909090909090908,-0.008909090909090908
111,1.0,1.0,1.0,0.9688934217236104,1.0,1.0,1.0,0.9718870506281876,1.0,1.0,1.0,0.9688934217236104,1.0,1.0,1.0,0.6462656199558511,0.9997512128374176,0.9997512128374176,49.0099514865033,49.85545465853962,15.711608938499287,14.697635973284484,0.0,0.0,0.008828828828828829,-0.008828828828828829
112,1.0,1.0,1.0,0.9688934217236104,1.0,1.0,1.0,0.9718870506281876,1.0,1.0,1.0,0.9688934217236104,1.0,1.0,1.0,0.6462656199558511,0.9998756064187088,0.9997512128374176,49.452543848737406,50.300908073143425,15.784746001889628,14.844369257741189,0.0,0.0,0.008749999999999999,-0.008749999999999999
113,1.0,1.0,1.0,0.9688934217236104,1.0,1.0,1.0,0.9718870506281876,1.0,1.0,1.0,0.9688934217236104,1.0,1.0,1.0,0.6462656199558511,0.9998756064187088,0.9997512128374176,49.900485134967035,50.755566612762784,15.968333541973651,15.003082346279847,0.0,0.0,0.008672566371681416,-0.008672566371681416
114,1.0,1.0,1.0,0.9688934217236104,1.0,1.0,1.0,0.9718870506281876,1.0,1.0,1.0,0.9688934217236104,1.0,1.0,1.0,0.6462656199558511,0.9998756064187088,0.9997512128374176,50.35302898370444,51.20400547331758,16.0927628847521,15.122291081025324,0.0,0.0,0.008596491228070175,-0.008596491228070175
115,1.0,1.0,1.0,0.9688934217236104,1.0,1.0,1.0,0.9718870506281876,1.0,1.0,1.0,0.9688934217236104,1.0,1.0,1.0,0.6462656199558511,0.9998756064187088,0.9997512128374176,50.79151635775594,51.65194675954721,16.326910427774337,15.264918227984033,0.0,0.0,0.008521739130434783,-0.008521739130434783
116,1.0,1.0,1.0,0.9688934217236104,1.0,1.0,1.0,0.9718870506281876,1.0,1.0,1.0,0.9688934217236104,1.0,1.0,1.0,0.6462656199558511,0.9998756064187088,0.9997512128374176,51.222415723348675,52.105236969772356,16.502831535048035,15.440852597612858,0.0,0.0,0.008448275862068965,-0.008448275862068965
117,1.0,1.0,1.0,0.9688934217236104,1.0,1.0,1.0,0.9718870506281876,1.0,1.0,1.0,0.9688934217236104,1.0,1.0,1.0,0.6462656199558511,0.9998756064187088,0.9997512128374176,51.670232615997016,52.554546585396196,16.647076600134824,15.597303405177284,0.0,0.0,0.008376068376068376,-0.008376068376068376
118,1.0,1.0,1.0,0.9688934217236104,1.0,1.0,1.0,0.9718870506281876,1.0,1.0,1.0,0.9688934217236104,1.0,1.0,1.0,0.6462656199558511,0.9998756064187088,0.9997512128374176,52.08881701704192,53.003980594601316,16.831319140549546,15.725179884943861,0.0,0.0,0.008305084745762711,-0.008305084745762711
119,1.0,1.0,1.0,0.9688934217236104,1.0,1.0,1.0,0.9718870506281876,1.0,1.0,1.0,0.9688934217236104,1.0,1.0,1.0,0.6462656199558511,0.9998756064187088,0.9997512128374176,52.517352904590126,53.45465853961935,17.0121605195335,15.872575473747327,0.0,0.0,0.008235294117647058,-0.008235294117647058
120,1.0,1.0,1.0,0.9688934217236104,1.0,1.0,1.0,0.9718870506281876,1.0,1.0,1.0,0.9688934217236104,1.0,1.0,1.0,0.6462656199558511,0.9998756064187088,0.9997512128374176,52.951984077621596,53.90508769747481,17.20489612346361,16.02002266523286,0.0,0.0,0.008166666666666666,-0.008166666666666666
121,1.0,1.0,1.0,0.9688934217236104,1.0,1.0,1.0,0.9718870506281876,1.0,1.0,1.0,0.9688934217236104,1.0,1.0,1.0,0.6462656199558511,0.9998756064187088,0.9997512128374176,53.38872994153502,54.36036820500062,17.426090531499355,16.152403718234325,0.0,0.0,0.008099173553719008,-0.008099173553719008
122,1.0,1.0,1.0,0.9688934217236104,1.0,1.0,1.0,0.9718870506281876,1.0,1.0,1.0,0.9688934217236104,1.0,1.0,1.0,0.6462656199558511,0.9998756064187088,0.9997512128374176,53.80097026993407,54.80893145913671,17.641083010683136,16.27422243095068,0.0,0.0,0.008032786885245903,-0.008032786885245903
123,1.0,1.0,1.0,0.9688934217236104,1.0,1.0,1.0,0.9718870506281876,1.0,1.0,1.0,0.9688934217236104,1.0,1.0,1.0,0.6462656199558511,0.9998756064187088,0.9997512128374176,54.248289588257244,55.25861425550442,17.770907622151732,16.428481368069534,0.0,0.0,0.00796747967479675,-0.00796747967479675
124,1.0,1.0,1.0,0.9688934217236104,1.0,1.0,1.0,0.9718870506281876,1.0,1.0,1.0,0.9688934217236104,1.0,1.0,1.0,0.6462656199558511,0.9998756064187088,0.9997512128374176,54.69349421569847,55.703321308620474,17.93114996513977,16.581077059843352,0.0,0.0,0.007903225806451612,-0.007903225806451612
125,1.0,1.0,1.0,0.9688934217236104,1.0,1.0,1.0,0.9718870506281876,1.0,1.0,1.0,0.9688934217236104,1.0,1.0,1.0,0.6462656199558511,0.9997512128374176,0.9997512128374176,55.125264336360246,56.15213334991915,18.112753341206655,16.692317868342016,0.0,0.0,0.00784,-0.00784
126,1.0,1.0,1.0,0.9688934217236104,1.0,1.0,1.0,0.9718870506281876,1.0,1.0,1.0,0.9688934217236104,1.0,1.0,1.0,0.6462656199558511,0.9997512128374176,0.9997512128374176,55.57494713272795,56.60094539121781,18.237733859395423,16.794558777065216,0.0,0.0,0.0077777777777777776,-0.0077777777777777776
127,1.0,1.0,1.0,0.9688934217236104,1.0,1.0,1.0,0.9718870506281876,1.0,1.0,1.0,0.9688934217236104,1.0,1.0,1.0,0.6462656199558511,0.9998756064187088,0.9997512128374176,56.02475432267695,57.048762283866154,18.360930318876754,16.911795024949132,0.0,0.0,0.007716535433070866,-0.007716535433070866
128,1.0,1.0,1.0,0.9688934217236104,1.0,1.0,1.0,0.9718870506281876,1.0,1.0,1.0,0.9688934217236104,1.0,1.0,1.0,0.6462656199558511,0.9998756064187088,0.9997512128374176,56.45590247543227,57.49906704814032,18.497594370079284,17.04447421066788,0.0,0.0,0.00765625,-0.00765625
129,1.0,1.0,1.0,0.9688934217236104,1.0,1.0,1.0,0.9718870506281876,1.0,1.0,1.0,0.9688934217236104,1.0,1.0,1.0,0.6462656199558511,0.9998756064187088,0.9997512128374176,56.86665008085583,57.949371812414476,18.714229754162247,17.159943177023134,0.0,0.0,0.007596899224806201,-0.007596899224806201
130,1.0,1.0,1.0,0.9688934217236104,1.0,1.0,1.0,0.9718870506281876,1.0,1.0,1.0,0.9688934217236104,1.0,1.0,1.0,0.6462656199558511,0.9998756064187088,0.9997512128374176,57.306256997138945,58.39855703445702,18.958711787243136,17.251266618688536,0.0,0.0,0.007538461538461539,-0.007538461538461539
131,1.0,1.0,1.0,0.9688934217236104,1.0,1.0,1.0,0.9718870506281876,1.0,1.0,1.0,0.9688934217236104,1.0,1.0,1.0,0.6462656199558511,0.9998756064187088,0.9997512128374176,57.749471327279515,58.84712028859311,19.170358607470998,17.368765638184588,0.0,0.0,0.007480916030534351,-0.007480916030534351
132,1.0,1.0,1.0,0.9688934217236104,1.0,1.0,1.0,0.9718870506281876,1.0,1.0,1.0,0.9688934217236104,1.0,1.0,1.0,0.6462656199558511,0.9998756064187088,0.9997512128374176,58.16730936683667,59.291454160965294,19.351975824179274,17.490678799839312,0.0,0.0,0.007424242424242424,-0.007424242424242424
133,1.0,1.0,1.0,0.9688934217236104,1.0,1.0,1.0,0.9718870506281876,1.0,1.0,1.0,0.9688934217236104,1.0,1.0,1.0,0.6462656199558511,0.9998756064187088,0.9997512128374176,58.61214081353402,59.73641000124393,19.578404008362725,17.626212134386193,0.0,0.0,0.007368421052631579,-0.007368421052631579
134,1.0,1.0,1.0,0.9688934217236104,1.0,1.0,1.0,0.9718870506281876,1.0,1.0,1.0,0.9688934217236104,1.0,1.0,1.0,0.6462656199558511,0.9998756064187088,0.9997512128374176,59.05485756934942,60.18285856449807,19.74574131415361,17.698251909440422,0.0,0.0,0.007313432835820895,-0.007313432835820895
135,1.0,1.0,1.0,0.9688934217236104,1.0,1.0,1.0,0.9718870506281876,1.0,1.0,1.0,0.9688934217236104,1.0,1.0,1.0,0.6462656199558511,0.9998756064187088,0.9997512128374176,59.50876974748103,60.62731683045155,19.874166906929638,17.856905595181317,0.0,0.0,0.00725925925925926,-0.00725925925925926
136,1.0,1.0,1.0,0.9688934217236104,1.0,1.0,1.0,0.9718870506281876,1.0,1.0,1.0,0.9688934217236104,1.0,1.0,1.0,0.6462656199558511,0.9998756064187088,0.9997512128374176,59.93705684786665,61.074884935937305,20.09508325905873,18.015510869594944,0.0,0.0,0.0072058823529411765,-0.0072058823529411765
137,1.0,1.0,1.0,0.9688934217236104,1.0,1.0,1.0,0.9718870506281876,1.0,1.0,1.0,0.9688934217236104,1.0,1.0,1.0,0.6462656199558511,0.9998756064187088,0.9997512128374176,60.37467346684911,61.528050752581166,20.301179969535134,18.188169469515316,0.0,0.0,0.007153284671532846,-0.007153284671532846
138,1.0,1.0,1.0,0.9688934217236104,1.0,1.0,1.0,0.9718870506281876,1.0,1.0,1.0,0.9688934217236104,1.0,1.0,1.0,0.6462656199558511,0.9998756064187088,0.9997512128374176,60.80880706555542,61.979723846249534,20.50433411976158,18.35272398307843,0.0,0.0,0.007101449275362319,-0.007101449275362319
139,1.0,1.0,1.0,0.9688934217236104,1.0,1.0,1.0,0.9718870506281876,1.0,1.0,1.0,0.9688934217236104,1.0,1.0,1.0,0.6462656199558511,0.9998756064187088,0.9997512128374176,61.26234606294315,62.43226769498694,20.602313124088397,18.518630470113827,0.0,0.0,0.007050359712230216,-0.007050359712230216
140,1.0,1.0,1.0,0.9688934217236104,1.0,1.0,1.0,0.9718870506281876,1.0,1.0,1.0,0.9688934217236104,1.0,1.0,1.0,0.6462656199558511,0.9998756064187088,0.9997512128374176,61.685408632914545,62.88443836298047,20.85360629941535,18.666787791595038,0.0,0.0,0.006999999999999999,-0.006999999999999999
141,1.0,1.0,1.0,0.9688934217236104,1.0,1.0,1.0,0.9718870506281876,1.0,1.0,1.0,0.9688934217236104,1.0,1.0,1.0,0.6462656199558511,0.9998756064187088,0.9997512128374176,62.1357133971887,63.336982211717874,21.00607944181052,18.80414970600333,0.0,0.0,0.0069503546099290775,-0.0069503546099290775
142,1.0,1.0,1.0,0.9688934217236104,1.0,1.0,1.0,0.9718870506281876,1.0,1.0,1.0,0.9688934217236104,1.0,1.0,1.0,0.6462656199558511,0.9998756064187088,0.9997512128374176,62.575444707053116,63.78430153004105,21.191135902928888,18.916108243288818,0.0,0.0,0.006901408450704225,-0.006901408450704225
143,1.0,1.0,1.0,0.9688934217236104,1.0,1.0,1.0,0.9718870506281876,1.0,1.0,1.0,0.9688934217236104,1.0,1.0,1.0,0.6462656199558511,0.9998756064187088,0.9997512128374176,63.0212713024008,64.23423311357134,21.266493955376106,19.056549793051797,0.0,0.0,0.006853146853146853,-0.006853146853146853
144,1.0,1.0,1.0,0.9688934217236104,1.0,1.0,1.0,0.9718870506281876,1.0,1.0,1.0,0.9688934217236104,1.0,1.0,1.0,0.6462656199558511,0.9998756064187088,0.9997512128374176,63.468839407886556,64.68466227142679,21.362823860653936,19.232466780061774,0.0,0.0,0.006805555555555555,-0.006805555555555555
145,1.0,1.0,1.0,0.9688934217236104,1.0,1.0,1.0,0.9718870506281876,1.0,1.0,1.0,0.9688934217236104,1.0,1.0,1.0,0.6462656199558511,0.9998756064187088,0.9997512128374176,63.924368702574945,65.1373305137455,21.504226647032766,19.38741777205085,0.0,0.0,0.006758620689655172,-0.006758620689655172
146,1.0,1.0,1.0,0.9688934217236104,1.0,1.0,1.0,0.9718870506281876,1.0,1.0,1.0,0.9688934217236104,1.0,1.0,1.0,0.6462656199558511,0.9998756064187088,0.9997512128374176,64.37591740266203,65.58353028983704,21.626205454245543,19.511885770264456,0.0,0.0,0.006712328767123287,-0.006712328767123287
147,1.0,1.0,1.0,0.9688934217236104,1.0,1.0,1.0,0.9718870506281876,1.0,1.0,1.0,0.9688934217236104,1.0,1.0,1.0,0.6462656199558511,0.9998756064187088,0.9997512128374176,64.81079736285608,66.02898370444085,21.78540907585843,19.6164726205039,0.0,0.0,0.006666666666666666,-0.006666666666666666
148,1.0,1.0,1.0,0.9688934217236104,1.0,1.0,1.0,0.9718870506281876,1.0,1.0,1.0,0.9688934217236104,1.0,1.0,1.0,0.6462656199558511,0.9998756064187088,0.9997512128374176,65.2560019902973,66.47729817141436,21.901280745327824,19.73225761754203,0.0,0.0,0.006621621621621622,-0.006621621621621622
149,1.0,1.0,1.0,0.9688934217236104,1.0,1.0,1.0,0.9718870506281876,1.0,1.0,1.0,0.9688934217236104,1.0,1.0,1.0,0.6462656199558511,0.9998756064187088,0.9997512128374176,65.70543599950243,66.92859808433884,22.00441127929933,19.919907810799547,0.0,0.0,0.006577181208053691,-0.006577181208053691
150,1.0,1.0,1.0,0.9688934217236104,1.0,1.0,1.0,0.9718870506281876,1.0,1.0,1.0,0.9688934217236104,1.0,1.0,1.0,0.6462656199558511,0.9998756064187088,0.9997512128374176,66.14690881950492,67.37554422191815,22.197026386967252,20.064845584390216,0.0,0.0,0.006533333333333334,-0.006533333333333334
151,1.0,1.0,1.0,0.9688934217236104,1.0,1.0,1.0,0.9718870506281876,1.0,1.0,1.0,0.9688934217236104,1.0,1.0,1.0,0.6462656199558511,0.9998756064187088,0.9997512128374176,66.57905212091056,67.82622216693619,22.394913511746616,20.216751057548656,0.0,0.0,0.0064900662251655625,-0.0064900662251655625
152,1.0,1.0,1.0,0.9688934217236104,1.0,1.0,1.0,0.9718870506281876,1.0,1.0,1.0,0.9688934217236104,1.0,1.0,1.0,0.6462656199558511,0.9998756064187088,0.9997512128374176,67.02301281253887,68.27528299539743,22.539186647339527,20.353134846992454,0.0,0.0,0.006447368421052631,-0.006447368421052631
153,1.0,1.0,1.0,0.9688934217236104,1.0,1.0,1.0,0.9718870506281876,1.0,1.0,1.0,0.9688934217236104,1.0,1.0,1.0,0.6462656199558511,0.9998756064187088,0.9997512128374176,67.47020773728076,68.72011444209478,22.64699458296221,20.473445054096686,0.0,0.0,0.006405228758169935,-0.006405228758169935
154,1.0,1.0,1.0,0.9688934217236104,1.0,1.0,1.0,0.9718870506281876,1.0,1.0,1.0,0.9688934217236104,1.0,1.0,1.0,0.6462656199558511,0.9998756064187088,0.9997512128374176,67.89563378529668,69.16469710162956,22.90226161326029,20.600627047991697,0.0,0.0,0.006363636363636364,-0.006363636363636364
155,1.0,1.0,1.0,0.9688934217236104,1.0,1.0,1.0,0.9718870506281876,1.0,1.0,1.0,0.9688934217236104,1.0,1.0,1.0,0.6462656199558511,0.9998756064187088,0.9997512128374176,68.32926980967783,69.61612140813534,23.063478635501095,20.722614469431022,0.0,0.0,0.00632258064516129,-0.00632258064516129
156,1.0,1.0,1.0,0.9688934217236104,1.0,1.0,1.0,0.9718870506281876,1.0,1.0,1.0,0.9688934217236104,1.0,1.0,1.0,0.6462656199558511,0.9998756064187088,0.9997512128374176,68.7708670232616,70.06232118422689,23.283435643099875,20.827116909537864,0.0,0.0,0.006282051282051282,-0.006282051282051282
157,1.0,1.0,1.0,0.9688934217236104,1.0,1.0,1.0,0.9718870506281876,1.0,1.0,1.0,0.9688934217236104,1.0,1.0,1.0,0.6462656199558511,0.9998756064187088,0.9997512128374176,69.21731558651574,70.50802338599328,23.457941457437425,20.952791068084476,0.0,0.0,0.00624203821656051,-0.00624203821656051
158,1.0,1.0,1.0,0.9688934217236104,1.0,1.0,1.0,0.9718870506281876,1.0,1.0,1.0,0.9688934217236104,1.0,1.0,1.0,0.6462656199558511,0.9998756064187088,0.9997512128374176,69.67023261599701,70.95422316208483,23.559042174629038,21.16772934134881,0.0,0.0,0.00620253164556962,-0.00620253164556962
159,1.0,1.0,1.0,0.9688934217236104,1.0,1.0,1.0,0.9718870506281876,1.0,1.0,1.0,0.9688934217236104,1.0,1.0,1.0,0.6462656199558511,0.9998756064187088,0.9997512128374176,70.11207861674337,71.39930339594477,23.726159127484692,21.28889995639333,0.0,0.0,0.006163522012578616,-0.006163522012578616
160,1.0,1.0,1.0,0.9688934217236104,1.0,1.0,1.0,0.9718870506281876,1.0,1.0,1.0,0.9688934217236104,1.0,1.0,1.0,0.6462656199558511,0.9998756064187088,0.9997512128374176,70.54509267321806,71.85047891528797,23.865723265498325,21.492219853012184,0.0,0.0,0.006125,-0.006125
161,1.0,1.0,1.0,0.9688934217236104,1.0,1.0,1.0,0.9718870506281876,1.0,1.0,1.0,0.9688934217236104,1.0,1.0,1.0,0.6462656199558511,0.9998756064187088,0.9997512128374176,70.99788530911805,72.2984202015176,23.98395956262626,21.62522106828345,0.0,0.0,0.00608695652173913,-0.00608695652173913
162,1.0,1.0,1.0,0.9688934217236104,1.0,1.0,1.0,0.9718870506281876,1.0,1.0,1.0,0.9688934217236104,1.0,1.0,1.0,0.6462656199558511,0.9998756064187088,0.9997512128374176,71.45055355143674,72.74362482895883,24.12224965048347,21.722971121664887,0.0,0.0,0.006049382716049382,-0.006049382716049382
163,1.0,1.0,1.0,0.9688934217236104,1.0,1.0,1.0,0.9718870506281876,1.0,1.0,1.0,0.9688934217236104,1.0,1.0,1.0,0.6462656199558511,0.9998756064187088,0.9997512128374176,71.88767259609403,73.19703943276527,24.342044797471598,21.8571469894804,0.0,0.0,0.0060122699386503066,-0.0060122699386503066
164,1.0,1.0,1.0,0.9688934217236104,1.0,1.0,1.0,0.9718870506281876,1.0,1.0,1.0,0.9688934217236104,1.0,1.0,1.0,0.6462656199558511,0.9998756064187088,0.9997512128374176,72.33374797860431,73.64410996392586,24.559480795451126,22.033889186663018,0.0,0.0,0.005975609756097561,-0.005975609756097561
165,1.0,1.0,1.0,0.9688934217236104,1.0,1.0,1.0,0.9718870506281876,1.0,1.0,1.0,0.9688934217236104,1.0,1.0,1.0,0.6462656199558511,0.9998756064187088,0.9997512128374176,72.78542107227267,74.09540987685035,24.70292214530016,22.17277834130162,0.0,0.0,0.00593939393939394,-0.00593939393939394
166,1.0,1.0,1.0,0.9688934217236104,1.0,1.0,1.0,0.9718870506281876,1.0,1.0,1.0,0.9688934217236104,1.0,1.0,1.0,0.6462656199558511,0.9998756064187088,0.9997512128374176,73.23050130613261,74.54248040801095,24.858600448503758,22.382534116374043,0.0,0.0,0.0059036144578313255,-0.0059036144578313255
167,1.0,1.0,1.0,0.9688934217236104,1.0,1.0,1.0,0.9718870506281876,1.0,1.0,1.0,0.9688934217236104,1.0,1.0,1.0,0.6462656199558511,0.9998756064187088,0.9997512128374176,73.67035700957831,74.98805821619604,25.036074213930654,22.589167790977456,0.0,0.0,0.005868263473053892,-0.005868263473053892
168,1.0,1.0,1.0,0.9688934217236104,1.0,1.0,1.0,0.9718870506281876,1.0,1.0,1.0,0.9688934217236104,1.0,1.0,1.0,0.6462656199558511,0.9998756064187088,0.9997512128374176,74.11755193432019,75.43475556661276,25.192460045681514,22.749566484593636,0.0,0.0,0.005833333333333333,-0.005833333333333333
169,1.0,1.0,1.0,0.9688934217236104,1.0,1.0,1.0,0.9718870506281876,1.0,1.0,1.0,0.9688934217236104,1.0,1.0,1.0,0.6462656199558511,0.9998756064187088,0.9997512128374176,74.55740763776589,75.88083094912302,25.40877529653356,22.954525331251187,0.0,0.0,0.005798816568047337,-0.005798816568047337
170,1.0,1.0,1.0,0.9688934217236104,1.0,1.0,1.0,0.9718870506281876,1.0,1.0,1.0,0.9688934217236104,1.0,1.0,1.0,0.6462656199558511,0.9998756064187088,0.9997512128374176,74.99228759795994,76.33200646846623,25.513419892704203,23.09612834135236,0.0,0.0,0.005764705882352941,-0.005764705882352941
171,1.0,1.0,1.0,0.9688934217236104,1.0,1.0,1.0,0.9718870506281876,1.0,1.0,1.0,0.9688934217236104,1.0,1.0,1.0,0.6462656199558511,0.9998756064187088,0.9997512128374176,75.43998009702699,76.77845503172037,25.691259978299595,23.16338698893642,0.0,0.0,0.005730994152046783,-0.005730994152046783
172,1.0,1.0,1.0,0.9688934217236104,1.0,1.0,1.0,0.9718870506281876,1.0,1.0,1.0,0.9688934217236104,1.0,1.0,1.0,0.6462656199558511,0.9998756064187088,0.9997512128374176,75.88717502176888,77.22328647841772,25.767700349142977,23.267722229953094,0.0,0.0,0.005697674418604651,-0.005697674418604651
173,1.0,1.0,1.0,0.9688934217236104,1.0,1.0,1.0,0.9718870506281876,1.0,1.0,1.0,0.9688934217236104,1.0,1.0,1.0,0.6462656199558511,0.9998756064187088,0.9997512128374176,76.33287722353526,77.66985943525314,25.91576088295312,23.417599857493467,0.0,0.0,0.005664739884393063,-0.005664739884393063
174,1.0,1.0,1.0,0.9688934217236104,1.0,1.0,1.0,0.9718870506281876,1.0,1.0,1.0,0.9688934217236104,1.0,1.0,1.0,0.6462656199558511,0.9998756064187088,0.9997512128374176,76.78193805199652,78.11568603060083,26.043677624661168,23.571895658247485,0.0,0.0,0.005632183908045977,-0.005632183908045977
175,1.0,1.0,1.0,0.9688934217236104,1.0,1.0,1.0,0.9718870506281876,1.0,1.0,1.0,0.9688934217236104,1.0,1.0,1.0,0.6462656199558511,0.9998756064187088,0.9997512128374176,77.23137206120164,78.56748351785048,26.136932322673054,23.700759312117377,0.0,0.0,0.0056,-0.0056
176,1.0,1.0,1.0,0.9688934217236104,1.0,1.0,1.0,0.9718870506281876,1.0,1.0,1.0,0.9688934217236104,1.0,1.0,1.0,0.6462656199558511,0.9998756064187088,0.9997512128374176,77.67819380519965,79.01952979226272,26.28195980928051,23.86584488853485,0.0,0.0,0.0055681818181818185,-0.0055681818181818185
177,1.0,1.0,1.0,0.9688934217236104,1.0,1.0,1.0,0.9718870506281876,1.0,1.0,1.0,0.9688934217236104,1.0,1.0,1.0,0.6462656199558511,0.9998756064187088,0.9997512128374176,78.1301156860306,79.47306878965045,26.447671739903754,24.007780443833546,0.0,0.0,0.005536723163841808,-0.005536723163841808
178,1.0,1.0,1.0,0.9688934217236104,1.0,1.0,1.0,0.9718870506281876,1.0,1.0,1.0,0.9688934217236104,1.0,1.0,1.0,0.6462656199558511,0.9998756064187088,0.9997512128374176,78.57668864286603,79.922254011693,26.5524513713069,24.131775760186073,0.0,0.0,0.00550561797752809,-0.00550561797752809
179,1.0,1.0,1.0,0.9688934217236104,1.0,1.0,1.0,0.9718870506281876,1.0,1.0,1.0,0.9688934217236104,1.0,1.0,1.0,0.6462656199558511,0.9998756064187088,0.9997512128374176,79.02562507774599,80.36845378778455,26.685880826200002,24.252319579873472,0.0,0.0,0.005474860335195531,-0.005474860335195531
180,1.0,1.0,1.0,0.9688934217236104,1.0,1.0,1.0,0.9718870506281876,1.0,1.0,1.0,0.9688934217236104,1.0,1.0,1.0,0.6462656199558511,0.9998756064187088,0.9997512128374176,79.47082970518721,80.8160218932703,26.778917653040754,24.30204788628979,0.0,0.0,0.0054444444444444445,-0.0054444444444444445
181,1.0,1.0,1.0,0.9688934217236104,1.0,1.0,1.0,0.9718870506281876,1.0,1.0,1.0,0.9688934217236104,1.0,1.0,1.0,0.6462656199558511,0.9998756064187088,0.9997512128374176,79.92449309615624,81.26757059335738,26.90006784909837,24.46293711159222,0.0,0.0,0.0054143646408839775,-0.0054143646408839775
182,1.0,1.0,1.0,0.9688934217236104,1.0,1.0,1.0,0.9718870506281876,1.0,1.0,1.0,0.9688934217236104,1.0,1.0,1.0,0.6462656199558511,0.9998756064187088,0.9997512128374176,80.37554422191815,81.71488991168056,27.115997245785994,24.626049109047177,0.0,0.0,0.005384615384615385,-0.005384615384615385
183,1.0,1.0,1.0,0.9688934217236104,1.0,1.0,1.0,0.9718870506281876,1.0,1.0,1.0,0.9688934217236104,1.0,1.0,1.0,0.6462656199558511,0.9998756064187088,0.9997512128374176,80.81987809429033,82.1669361860928,27.2704794186198,24.829731402010584,0.0,0.0,0.005355191256830601,-0.005355191256830601
184,1.0,1.0,1.0,0.9688934217236104,1.0,1.0,1.0,0.9718870506281876,1.0,1.0,1.0,0.9688934217236104,1.0,1.0,1.0,0.6462656199558511,0.9998756064187088,0.9997512128374176,81.25525562880955,82.6152506530663,27.484208713484808,25.010214146022363,0.0,0.0,0.005326086956521739,-0.005326086956521739
185,1.0,1.0,1.0,0.9688934217236104,1.0,1.0,1.0,0.9718870506281876,1.0,1.0,1.0,0.9688934217236104,1.0,1.0,1.0,0.6462656199558511,0.9998756064187088,0.9997512128374176,81.70269934071402,83.06207239706431,27.62774596475202,25.135489660996676,0.0,0.0,0.005297297297297297,-0.005297297297297297
186,1.0,1.0,1.0,0.9688934217236104,1.0,1.0,1.0,0.9718870506281876,1.0,1.0,1.0,0.9688934217236104,1.0,1.0,1.0,0.6462656199558511,0.9998756064187088,0.9997512128374176,82.1598457519592,83.51076004478169,27.753702759459983,25.30448314074486,0.0,0.0,0.0052688172043010755,-0.0052688172043010755
187,1.0,1.0,1.0,0.9688934217236104,1.0,1.0,1.0,0.9718870506281876,1.0,1.0,1.0,0.9688934217236104,1.0,1.0,1.0,0.6462656199558511,0.9998756064187088,0.9997512128374176,82.60728946386367,83.95571588506033,27.923001271602857,25.435382102040094,0.0,0.0,0.005240641711229946,-0.005240641711229946
188,1.0,1.0,1.0,0.9688934217236104,1.0,1.0,1.0,0.9718870506281876,1.0,1.0,1.0,0.9688934217236104,1.0,1.0,1.0,0.6462656199558511,0.9998756064187088,0.9997512128374176,83.05846498320686,84.40054733175768,28.050472635127836,25.587427324260137,0.0,0.0,0.005212765957446808,-0.005212765957446808
189,1.0,1.0,1.0,0.9688934217236104,1.0,1.0,1.0,0.9718870506281876,1.0,1.0,1.0,0.9688934217236104,1.0,1.0,1.0,0.6462656199558511,0.9998756064187088,0.9997512128374176,83.50702823734295,84.84649832068665,28.174663426029987,25.756171061207088,0.0,0.0,0.005185185185185185,-0.005185185185185185
190,1.0,1.0,1.0,0.9688934217236104,1.0,1.0,1.0,0.9718870506281876,1.0,1.0,1.0,0.9688934217236104,1.0,1.0,1.0,0.6462656199558511,0.9998756064187088,0.9997512128374176,83.94725712153253,85.29468839407886,28.35407799502164,25.917119765935052,0.0,0.0,0.005157894736842105,-0.005157894736842105
191,1.0,1.0,1.0,0.9688934217236104,1.0,1.0,1.0,0.9718870506281876,1.0,1.0,1.0,0.9688934217236104,1.0,1.0,1.0,0.6462656199558511,0.9998756064187088,0.9997512128374176,84.39893021520089,85.74922254011693,28.557222450151443,26.044789448693916,0.0,0.0,0.005130890052356021,-0.005130890052356021
192,1.0,1.0,1.0,0.9688934217236104,1.0,1.0,1.0,0.9718870506281876,1.0,1.0,1.0,0.9688934217236104,1.0,1.0,1.0,0.6462656199558511,0.9998756064187088,0.9997512128374176,84.85333996765767,86.19716382634655,28.7449061455389,26.210203750875323,0.0,0.0,0.005104166666666667,-0.005104166666666667
193,1.0,1.0,1.0,0.9688934217236104,1.0,1.0,1.0,0.9718870506281876,1.0,1.0,1.0,0.9688934217236104,1.0,1.0,1.0,0.6462656199558511,0.9998756064187088,0.9997512128374176,85.29531036198532,86.64448314466973,28.91584544543054,26.402338303517762,0.0,0.0,0.005077720207253886,-0.005077720207253886
194,1.0,1.0,1.0,0.9688934217236104,1.0,1.0,1.0,0.9718870506281876,1.0,1.0,1.0,0.9688934217236104,1.0,1.0,1.0,0.6462656199558511,0.9998756064187088,0.9997512128374176,85.74001741510138,87.09740017415102,29.060082162944965,26.592938901276344,0.0,0.0,0.005051546391752577,-0.005051546391752577
195,1.0,1.0,1.0,0.9688934217236104,1.0,1.0,1.0,0.9718870506281876,1.0,1.0,1.0,0.9688934217236104,1.0,1.0,1.0,0.6462656199558511,0.9998756064187088,0.9997512128374176,86.1924368702575,87.54521706679935,29.290989211270137,26.768342161543938,0.0,0.0,0.005025641025641026,-0.005025641025641026
196,1.0,1.0,1.0,0.9688934217236104,1.0,1.0,1.0,0.9718870506281876,1.0,1.0,1.0,0.9688934217236104,1.0,1.0,1.0,0.6462656199558511,0.9998756064187088,0.9997512128374176,86.63490483891032,87.9971389476303,29.448066766098993,26.897261316541744,0.0,0.0,0.004999999999999999,-0.004999999999999999
197,1.0,1.0,1.0,0.9688934217236104,1.0,1.0,1.0,0.9718870506281876,1.0,1.0,1.0,0.9688934217236104,1.0,1.0,1.0,0.6462656199558511,0.9998756064187088,0.9997512128374176,87.06667495957208,88.44719492474188,29.64063169354643,27.005444349581733,0.0,0.0,0.004974619289340101,-0.004974619289340101
198,1.0,1.0,1.0,0.9688934217236104,1.0,1.0,1.0,0.9718870506281876,1.0,1.0,1.0,0.9688934217236104,1.0,1.0,1.0,0.6462656199558511,0.9998756064187088,0.9997512128374176,87.50777459883071,88.8925239457644,29.74614557349629,27.15478774142502,0.0,0.0,0.00494949494949495,-0.00494949494949495
199,1.0,1.0,1.0,0.9688934217236104,1.0,1.0,1.0,0.9718870506281876,1.0,1.0,1.0,0.9688934217236104,1.0,1.0,1.0,0.6462656199558511,0.9998756064187088,0.9997512128374176,87.95360119417838,89.34121159348177,29.93549444370308,27.310062986109802,0.0,0.0,0.00492462311557789,-0.00492462311557789
200,1.0,1.0,1.0,0.9688934217236104,1.0,1.0,1.0,0.9718870506281876,1.0,1.0,1.0,0.9688934217236104,1.0,1.0,1.0,0.6462656199558511,0.9998756064187088,0.9997512128374176,88.39407886553055,89.78915287971141,30.074870237229653,27.40979273558608,0.0,0.0,0.0049,-0.0049
201,1.0,1.0,1.0,0.9688934217236104,1.0,1.0,1.0,0.9718870506281876,1.0,1.0,1.0,0.9688934217236104,1.0,1.0,1.0,0.6462656199558511,0.9998756064187088,0.9997512128374176,88.83194427167558,90.23833810175395,30.305663147524722,27.55360579247355,0.0,0.0,0.004875621890547264,-0.004875621890547264
202,1.0,1.0,1.0,0.9688934217236104,1.0,1.0,1.0,0.9718870506281876,1.0,1.0,1.0,0.9688934217236104,1.0,1.0,1.0,0.6462656199558511,0.9998756064187088,0.9997512128374176,89.24953352407016,90.69374300286105,30.58735285737941,27.737276497787974,0.0,0.0,0.0048514851485148515,-0.0048514851485148515
203,1.0,1.0,1.0,0.9688934217236104,1.0,1.0,1.0,0.9718870506281876,1.0,1.0,1.0,0.9688934217236104,1.0,1.0,1.0,0.6462656199558511,0.9998756064187088,0.9997512128374176,89.68851847244682,91.14777957457395,30.7735612753611,27.867789231289816,0.0,0.0,0.004827586206896552,-0.004827586206896552
204,1.0,1.0,1.0,0.9688934217236104,1.0,1.0,1.0,0.9718870506281876,1.0,1.0,1.0,0.9688934217236104,1.0,1.0,1.0,0.6462656199558511,0.9998756064187088,0.9997512128374176,90.13496703570095,91.59783555168553,30.92545266775535,28.106361662792864,0.0,0.0,0.004803921568627451,-0.004803921568627451
205,1.0,1.0,1.0,0.9688934217236104,1.0,1.0,1.0,0.9718870506281876,1.0,1.0,1.0,0.9688934217236104,1.0,1.0,1.0,0.6462656199558511,0.9998756064187088,0.9997512128374176,90.54559024754323,92.04689638014679,31.086882124771176,28.265083593597023,0.0,0.0,0.004780487804878049,-0.004780487804878049
206,1.0,1.0,1.0,0.9688934217236104,1.0,1.0,1.0,0.9718870506281876,1.0,1.0,1.0,0.9688934217236104,1.0,1.0,1.0,0.6462656199558511,0.9998756064187088,0.9997512128374176,90.99278517228511,92.49545963428287,31.152165426529095,28.40922768592539,0.0,0.0,0.004757281553398058,-0.004757281553398058
207,1.0,1.0,1.0,0.9688934217236104,1.0,1.0,1.0,0.9718870506281876,1.0,1.0,1.0,0.9688934217236104,1.0,1.0,1.0,0.6462656199558511,0.9998756064187088,0.9997512128374176,91.43077497201145,92.9447692499067,31.360737209712976,28.532936670107432,0.0,0.0,0.004734299516908212,-0.004734299516908212
208,1.0,1.0,1.0,0.9688934217236104,1.0,1.0,1.0,0.9718870506281876,1.0,1.0,1.0,0.9688934217236104,1.0,1.0,1.0,0.6462656199558511,0.9998756064187088,0.9997512128374176,91.87796989675333,93.3891031222789,31.499947428912055,28.63677920222543,0.0,0.0,0.0047115384615384615,-0.0047115384615384615
209,1.0,1.0,1.0,0.9688934217236104,1.0,1.0,1.0,0.9718870506281876,1.0,1.0,1.0,0.9688934217236104,1.0,1.0,1.0,0.6462656199558511,0.9998756064187088,0.9997512128374176,92.32591118298296,93.83692001492723,31.649780137535103,28.808212437919458,0.0,0.0,0.004688995215311005,-0.004688995215311005
210,1.0,1.0,1.0,0.9688934217236104,1.0,1.0,1.0,0.9718870506281876,1.0,1.0,1.0,0.9688934217236104,1.0,1.0,1.0,0.6462656199558511,0.9998756064187088,0.9997512128374176,92.75282995397437,94.28535887548203,31.97950027556015,28.9191198193442,0.0,0.0,0.004666666666666667,-0.004666666666666667
211,1.0,1.0,1.0,0.9688934217236104,1.0,1.0,1.0,0.9718870506281876,1.0,1.0,1.0,0.9688934217236104,1.0,1.0,1.0,0.6462656199558511,0.9998756064187088,0.9997512128374176,93.18285856449808,94.73454409752456,32.22171958616737,29.07388312545121,0.0,0.0,0.004644549763033175,-0.004644549763033175
212,1.0,1.0,1.0,0.9688934217236104,1.0,1.0,1.0,0.9718870506281876,1.0,1.0,1.0,0.9688934217236104,1.0,1.0,1.0,0.6462656199558511,0.9998756064187088,0.9997512128374176,93.62930712775221,95.19044657295683,32.30007268690168,29.223853709774257,0.0,0.0,0.004622641509433962,-0.004622641509433962
213,1.0,1.0,1.0,0.9688934217236104,1.0,1.0,1.0,0.9718870506281876,1.0,1.0,1.0,0.9688934217236104,1.0,1.0,1.0,0.6462656199558511,0.9998756064187088,0.9997512128374176,94.05348923995521,95.64299042169424,32.51071285076903,29.387718931263567,0.0,0.0,0.00460093896713615,-0.00460093896713615
214,1.0,1.0,1.0,0.9688934217236104,1.0,1.0,1.0,0.9718870506281876,1.0,1.0,1.0,0.9688934217236104,1.0,1.0,1.0,0.6462656199558511,0.9998756064187088,0.9997512128374176,94.47854210722727,96.09354397313099,32.73582461081936,29.53278278181334,0.0,0.0,0.004579439252336448,-0.004579439252336448
215,1.0,1.0,1.0,0.9688934217236104,1.0,1.0,1.0,0.9718870506281876,1.0,1.0,1.0,0.9688934217236104,1.0,1.0,1.0,0.6462656199558511,0.9998756064187088,0.9997512128374176,94.91466600323423,96.54471949247419,32.87702919310171,29.692766358832685,0.0,0.0,0.004558139534883721,-0.004558139534883721
216,1.0,1.0,1.0,0.9688934217236104,1.0,1.0,1.0,0.9718870506281876,1.0,1.0,1.0,0.9688934217236104,1.0,1.0,1.0,0.6462656199558511,0.9998756064187088,0.9997512128374176,95.33984326408758,96.99042169424058,33.09040331229738,29.84567299875507,0.0,0.0,0.0045370370370370365,-0.0045370370370370365
217,1.0,1.0,1.0,0.9688934217236104,1.0,1.0,1.0,0.9718870506281876,1.0,1.0,1.0,0.9688934217236104,1.0,1.0,1.0,0.6462656199558511,0.9998756064187088,0.9997512128374176,95.7752207986068,97.43388481154372,33.32860282676637,29.98576285824,0.0,0.0,0.004516129032258064,-0.004516129032258064
218,1.0,1.0,1.0,0.9688934217236104,1.0,1.0,1.0,0.9718870506281876,1.0,1.0,1.0,0.9688934217236104,1.0,1.0,1.0,0.6462656199558511,0.9998756064187088,0.9997512128374176,96.21084712028859,97.88319442716755,33.48541718112022,30.07882821750853,0.0,0.0,0.004495412844036697,-0.004495412844036697
219,1.0,1.0,1.0,0.9688934217236104,1.0,1.0,1.0,0.9718870506281876,1.0,1.0,1.0,0.9688934217236104,1.0,1.0,1.0,0.6462656199558511,0.9998756064187088,0.9997512128374176,96.65356387610399,98.33275282995398,33.753832734579035,30.171477129757562,0.0,0.0,0.004474885844748858,-0.004474885844748858
220,1.0,1.0,1.0,0.9688934217236104,1.0,1.0,1.0,0.9718870506281876,1.0,1.0,1.0,0.9688934217236104,1.0,1.0,1.0,0.6462656199558511,0.9998756064187088,0.9997512128374176,97.09105610150516,98.78554546585396,34.0366155652653,30.379665046371105,0.0,0.0,0.004454545454545454,-0.004454545454545454
221,1.0,1.0,1.0,0.9688934217236104,1.0,1.0,1.0,0.9718870506281876,1.0,1.0,1.0,0.9688934217236104,1.0,1.0,1.0,0.6462656199558511,0.9998756064187088,0.9997512128374176,97.53576315462122,99.2377161338475,34.229542234115,30.5164277867337,0.0,0.0,0.004434389140271494,-0.004434389140271494
222,1.0,1.0,1.0,0.9688934217236104,1.0,1.0,1.0,0.9718870506281876,1.0,1.0,1.0,0.9688934217236104,1.0,1.0,1.0,0.6462656199558511,0.9998756064187088,0.9997512128374176,97.97624082597338,99.68354272919517,34.27578449786947,30.685882400140798,0.0,0.0,0.004414414414414414,-0.004414414414414414
223,1.0,1.0,1.0,0.9688934217236104,1.0,1.0,1.0,0.9718870506281876,1.0,1.0,1.0,0.9688934217236104,1.0,1.0,1.0,0.6462656199558511,0.9998756064187088,0.9997512128374176,98.41423062569972,100.13073765393706,34.57142986641159,30.867716319193725,0.0,0.0,0.004394618834080717,-0.004394618834080717
224,1.0,1.0,1.0,0.9688934217236104,1.0,1.0,1.0,0.9718870506281876,1.0,1.0,1.0,0.9688934217236104,1.0,1.0,1.0,0.6462656199558511,0.9998756064187088,0.9997512128374176,98.85557905212092,100.58614255504416,34.74337438659251,30.972716967451206,0.0,0.0,0.0043749999999999995,-0.0043749999999999995
225,1.0,1.0,1.0,0.9688934217236104,1.0,1.0,1.0,0.9718870506281876,1.0,1.0,1.0,0.9688934217236104,1.0,1.0,1.0,0.6462656199558511,0.9998756064187088,0.9997512128374176,99.30911804950864,101.03495459634283,34.84334776370885,31.08753854827569,0.0,0.0,0.004355555555555555,-0.004355555555555555
226,1.0,1.0,1.0,0.9688934217236104,1.0,1.0,1.0,0.9718870506281876,1.0,1.0,1.0,0.9688934217236104,1.0,1.0,1.0,0.6462656199558511,0.9998756064187088,0.9997512128374176,99.75519343201891,101.4809055852718,34.972103232908104,31.19348158828063,0.0,0.0,0.004336283185840708,-0.004336283185840708
227,1.0,1.0,1.0,0.9688934217236104,1.0,1.0,1.0,0.9718870506281876,1.0,1.0,1.0,0.9688934217236104,1.0,1.0,1.0,0.6462656199558511,0.9998756064187088,0.9997512128374176,100.2051250155492,101.93183231745242,35.104693992553834,31.311384652839084,0.0,0.0,0.004317180616740088,-0.004317180616740088
228,1.0,1.0,1.0,0.9688934217236104,1.0,1.0,1.0,0.9718870506281876,1.0,1.0,1.0,0.9688934217236104,1.0,1.0,1.0,0.6462656199558511,0.9998756064187088,0.9997512128374176,100.63776589128001,102.38089314591367,35.36439393810562,31.413385374772442,0.0,0.0,0.0042982456140350876,-0.0042982456140350876
229,1.0,1.0,1.0,0.9688934217236104,1.0,1.0,1.0,0.9718870506281876,1.0,1.0,1.0,0.9688934217236104,1.0,1.0,1.0,0.6462656199558511,0.9998756064187088,0.9997512128374176,101.09093170792387,102.83381017539494,35.56287765147397,31.495421880633472,0.0,0.0,0.004279475982532751,-0.004279475982532751
230,1.0,1.0,1.0,0.9688934217236104,1.0,1.0,1.0,0.9718870506281876,1.0,1.0,1.0,0.9688934217236104,1.0,1.0,1.0,0.6462656199558511,0.9998756064187088,0.9997512128374176,101.52257743500435,103.28909068292076,35.850085152995696,31.6683106788264,0.0,0.0,0.004260869565217392,-0.004260869565217392
231,1.0,1.0,1.0,0.9688934217236104,1.0,1.0,1.0,0.9718870506281876,1.0,1.0,1.0,0.9688934217236104,1.0,1.0,1.0,0.6462656199558511,0.9998756064187088,0.9997512128374176,101.97275780569723,103.74063938300783,36.05629659843146,31.734951305213905,0.0,0.0,0.004242424242424242,-0.004242424242424242
232,1.0,1.0,1.0,0.9688934217236104,1.0,1.0,1.0,0.9718870506281876,1.0,1.0,1.0,0.9688934217236104,1.0,1.0,1.0,0.6462656199558511,0.9998756064187088,0.9997512128374176,102.42045030476427,104.19156611518845,36.18223762831821,31.867723690971097,0.0,0.0,0.004224137931034482,-0.004224137931034482
233,1.0,1.0,1.0,0.9688934217236104,1.0,1.0,1.0,0.9718870506281876,1.0,1.0,1.0,0.9688934217236104,1.0,1.0,1.0,0.6462656199558511,0.9998756064187088,0.9997512128374176,102.8700087075507,104.64274163453166,36.37092476373887,31.934619973980396,0.0,0.0,0.004206008583690987,-0.004206008583690987
234,1.0,1.0,1.0,0.9688934217236104,1.0,1.0,1.0,0.9718870506281876,1.0,1.0,1.0,0.9688934217236104,1.0,1.0,1.0,0.6462656199558511,0.9998756064187088,0.9997512128374176,103.30115686030601,105.0990172907078,36.577657197167326,32.09164234281901,0.0,0.0,0.004188034188034188,-0.004188034188034188
235,1.0,1.0,1.0,0.9688934217236104,1.0,1.0,1.0,0.9718870506281876,1.0,1.0,1.0,0.9688934217236104,1.0,1.0,1.0,0.6462656199558511,0.9998756064187088,0.9997512128374176,103.73628560766265,105.54534146038064,36.70927356731266,32.18790309650545,0.0,0.0,0.004170212765957447,-0.004170212765957447
236,1.0,1.0,1.0,0.9688934217236104,1.0,1.0,1.0,0.9718870506281876,1.0,1.0,1.0,0.9688934217236104,1.0,1.0,1.0,0.6462656199558511,0.9998756064187088,0.9997512128374176,104.16332877223535,105.9971389476303,36.91955258749257,32.33405261392659,0.0,0.0,0.0041525423728813555,-0.0041525423728813555
237,1.0,1.0,1.0,0.9688934217236104,1.0,1.0,1.0,0.9718870506281876,1.0,1.0,1.0,0.9688934217236104,1.0,1.0,1.0,0.6462656199558511,0.9998756064187088,0.9997512128374176,104.60654310237592,106.44072645851475,37.09905958094703,32.45414775731996,0.0,0.0,0.0041350210970464134,-0.0041350210970464134
238,1.0,1.0,1.0,0.9688934217236104,1.0,1.0,1.0,0.9718870506281876,1.0,1.0,1.0,0.9688934217236104,1.0,1.0,1.0,0.6462656199558511,0.9998756064187088,0.9997512128374176,105.05684786665007,106.89662893394701,37.242390467199705,32.67558916417905,0.0,0.0,0.004117647058823529,-0.004117647058823529
239,1.0,1.0,1.0,0.9688934217236104,1.0,1.0,1.0,0.9718870506281876,1.0,1.0,1.0,0.9688934217236104,1.0,1.0,1.0,0.6462656199558511,0.9998756064187088,0.9997512128374176,105.50603308869262,107.34768005970892,37.44416889152184,32.86005031999004,0.0,0.0,0.0041004184100418405,-0.0041004184100418405
240,1.0,1.0,1.0,0.9688934217236104,1.0,1.0,1.0,0.9718870506281876,1.0,1.0,1.0,0.9688934217236104,1.0,1.0,1.0,0.6462656199558511,0.9998756064187088,0.9997512128374176,105.95584027864162,107.7991043662147,37.58383322913264,33.008095583418616,0.0,0.0,0.004083333333333333,-0.004083333333333333
241,1.0,1.0,1.0,0.9688934217236104,1.0,1.0,1.0,0.9718870506281876,1.0,1.0,1.0,0.9688934217236104,1.0,1.0,1.0,0.6462656199558511,0.9998756064187088,0.9997512128374176,106.3805199651698,108.24654807811918,37.81662140087461,33.19471414648578,0.0,0.0,0.004066390041493776,-0.004066390041493776
242,1.0,1.0,1.0,0.9688934217236104,1.0,1.0,1.0,0.9718870506281876,1.0,1.0,1.0,0.9688934217236104,1.0,1.0,1.0,0.6462656199558511,0.9998756064187088,0.9997512128374176,106.82224157233487,108.69212588630427,37.982697921993946,33.36201928091273,0.0,0.0,0.004049586776859504,-0.004049586776859504
243,1.0,1.0,1.0,0.9688934217236104,1.0,1.0,1.0,0.9718870506281876,1.0,1.0,1.0,0.9688934217236104,1.0,1.0,1.0,0.6462656199558511,0.9998756064187088,0.9997512128374176,107.27092922005224,109.1442965542978,38.11852188475293,33.5632498020682,0.0,0.0,0.004032921810699589,-0.004032921810699589
244,1.0,1.0,1.0,0.9688934217236104,1.0,1.0,1.0,0.9718870506281876,1.0,1.0,1.0,0.9688934217236104,1.0,1.0,1.0,0.6462656199558511,0.9998756064187088,0.9997512128374176,107.72036322925737,109.58676452295062,38.23894814197555,33.71409083691397,0.0,0.0,0.004016393442622951,-0.004016393442622951
245,1.0,1.0,1.0,0.9688934217236104,1.0,1.0,1.0,0.9718870506281876,1.0,1.0,1.0,0.9688934217236104,1.0,1.0,1.0,0.6462656199558511,0.9998756064187088,0.9997512128374176,108.16643861176763,110.03682050006219,38.434512807911936,33.91501293535484,0.0,0.0,0.004,-0.004
246,1.0,1.0,1.0,0.9688934217236104,1.0,1.0,1.0,0.9718870506281876,1.0,1.0,1.0,0.9688934217236104,1.0,1.0,1.0,0.6462656199558511,0.9998756064187088,0.9997512128374176,108.605299166563,110.48774723224281,38.696231539221216,34.02554882426228,0.0,0.0,0.003983739837398375,-0.003983739837398375
247,1.0,1.0,1.0,0.9688934217236104,1.0,1.0,1.0,0.9718870506281876,1.0,1.0,1.0,0.9688934217236104,1.0,1.0,1.0,0.6462656199558511,0.9998756064187088,0.9997512128374176,109.0437865406145,110.93407140191566,38.91472559597578,34.19136521782275,0.0,0.0,0.003967611336032389,-0.003967611336032389
248,1.0,1.0,1.0,0.9688934217236104,1.0,1.0,1.0,0.9718870506281876,1.0,1.0,1.0,0.9688934217236104,1.0,1.0,1.0,0.6462656199558511,0.9998756064187088,0.9997512128374176,109.48214952108471,111.3761661898246,39.0844615595273,34.298445620057024,0.0,0.0,0.003951612903225806,-0.003951612903225806
249,1.0,1.0,1.0,0.9688934217236104,1.0,1.0,1.0,0.9718870506281876,1.0,1.0,1.0,0.9688934217236104,1.0,1.0,1.0,0.6462656199558511,0.9998756064187088,0.9997512128374176,109.92747854210722,111.83107351660654,39.2660485259038,34.37691287233451,0.0,0.0,0.0039357429718875495,-0.0039357429718875495
250,1.0,1.0,1.0,0.9688934217236104,1.0,1.0,1.0,0.9718870506281876,1.0,1.0,1.0,0.9688934217236104,1.0,1.0,1.0,0.6462656199558511,0.9998756064187088,0.9997512128374176,110.36385122527678,112.27976116432392,39.483073407223934,34.556415560758595,0.0,0.0,0.00392,-0.00392
251,1.0,1.0,1.0,0.9688934217236104,1.0,1.0,1.0,0.9718870506281876,1.0,1.0,1.0,0.9688934217236104,1.0,1.0,1.0,0.6462656199558511,0.9998756064187088,0.9997512128374176,110.80395571588507,112.72745366339097,39.709540616237405,34.59549935288988,0.0,0.0,0.003904382470119522,-0.003904382470119522
252,1.0,1.0,1.0,0.9688934217236104,1.0,1.0,1.0,0.9718870506281876,1.0,1.0,1.0,0.9688934217236104,1.0,1.0,1.0,0.6462656199558511,0.9998756064187088,0.9997512128374176,111.25413608657793,113.18086826719741,39.85352226361026,34.75408744059795,0.0,0.0,0.0038888888888888888,-0.0038888888888888888
253,1.0,1.0,1.0,0.9688934217236104,1.0,1.0,1.0,0.9718870506281876,1.0,1.0,1.0,0.9688934217236104,1.0,1.0,1.0,0.6462656199558511,0.9998756064187088,0.9997512128374176,111.69958950118173,113.62868515984576,40.06638149714739,34.9493448541309,0.0,0.0,0.0038735177865612644,-0.0038735177865612644
254,1.0,1.0,1.0,0.9688934217236104,1.0,1.0,1.0,0.9718870506281876,1.0,1.0,1.0,0.9688934217236104,1.0,1.0,1.0,0.6462656199558511,0.9998756064187088,0.9997512128374176,112.14952108471203,114.07675083965667,40.18450438222944,35.114742369682745,0.0,0.0,0.003858267716535433,-0.003858267716535433
255,1.0,1.0,1.0,0.9688934217236104,1.0,1.0,1.0,0.9718870506281876,1.0,1.0,1.0,0.9688934217236104,1.0,1.0,1.0,0.6462656199558511,0.9998756064187088,0.9997512128374176,112.59783555168553,114.52245304142306,40.317096702274604,35.33148235793508,0.0,0.0,0.0038431372549019606,-0.0038431372549019606
256,1.0,1.0,1.0,0.9688934217236104,1.0,1.0,1.0,0.9718870506281876,1.0,1.0,1.0,0.9688934217236104,1.0,1.0,1.0,0.6462656199558511,0.9998756064187088,0.9997512128374176,113.02040054733176,114.97138947630302,40.518211438410304,35.48181572145361,0.0,0.0,0.003828125,-0.003828125
257,1.0,1.0,1.0,0.9688934217236104,1.0,1.0,1.0,0.9718870506281876,1.0,1.0,1.0,0.9688934217236104,1.0,1.0,1.0,0.6462656199558511,0.9998756064187088,0.9997512128374176,113.45528050752581,115.41957954969524,40.69257404802785,35.6378358692493,0.0,0.0,0.003813229571984436,-0.003813229571984436
258,1.0,1.0,1.0,0.9688934217236104,1.0,1.0,1.0,0.9718870506281876,1.0,1.0,1.0,0.9688934217236104,1.0,1.0,1.0,0.6462656199558511,0.9998756064187088,0.9997512128374176,113.90135589003607,115.8670232615997,40.903759564721156,35.767919788336236,0.0,0.0,0.0037984496124031006,-0.0037984496124031006
259,1.0,1.0,1.0,0.9688934217236104,1.0,1.0,1.0,0.9718870506281876,1.0,1.0,1.0,0.9688934217236104,1.0,1.0,1.0,0.6462656199558511,0.9998756064187088,0.9997512128374176,114.34718248538375,116.31931832317453,41.0861140061798,35.9325634467883,0.0,0.0,0.0037837837837837837,-0.0037837837837837837
260,1.0,1.0,1.0,0.9688934217236104,1.0,1.0,1.0,0.9718870506281876,1.0,1.0,1.0,0.9688934217236104,1.0,1.0,1.0,0.6462656199558511,0.9998756064187088,0.9997512128374176,114.79549695235725,116.76887672596094,41.23008112647243,36.05967033506081,0.0,0.0,0.0037692307692307695,-0.0037692307692307695
261,1.0,1.0,1.0,0.9688934217236104,1.0,1.0,1.0,0.9718870506281876,1.0,1.0,1.0,0.9688934217236104,1.0,1.0,1.0,0.6462656199558511,0.9998756064187088,0.9997512128374176,115.24480656798109,117.21681801219057,41.31025884400554,36.15504073458294,0.0,0.0,0.003754789272030651,-0.003754789272030651
262,1.0,1.0,1.0,0.9688934217236104,1.0,1.0,1.0,0.9718870506281876,1.0,1.0,1.0,0.9688934217236104,1.0,1.0,1.0,0.6462656199558511,0.9998756064187088,0.9997512128374176,115.68963801467844,117.66500808558278,41.44769407348783,36.29243380439438,0.0,0.0,0.0037404580152671754,-0.0037404580152671754
263,1.0,1.0,1.0,0.9688934217236104,1.0,1.0,1.0,0.9718870506281876,1.0,1.0,1.0,0.9688934217236104,1.0,1.0,1.0,0.6462656199558511,0.9998756064187088,0.9997512128374176,116.12899614379899,118.1144420947879,41.6643760551903,36.40854768510755,0.0,0.0,0.003726235741444867,-0.003726235741444867
264,1.0,1.0,1.0,0.9688934217236104,1.0,1.0,1.0,0.9718870506281876,1.0,1.0,1.0,0.9688934217236104,1.0,1.0,1.0,0.6462656199558511,0.9998756064187088,0.9997512128374176,116.57308122900858,118.5742007712402,41.829600017995375,36.5667859967014,0.0,0.0,0.003712121212121212,-0.003712121212121212
265,1.0,1.0,1.0,0.9688934217236104,1.0,1.0,1.0,0.9718870506281876,1.0,1.0,1.0,0.9688934217236104,1.0,1.0,1.0,0.6462656199558511,0.9998756064187088,0.9997512128374176,117.01666873989302,119.02487871625824,41.95082588636319,36.608825128330935,0.0,0.0,0.00369811320754717,-0.00369811320754717
266,1.0,1.0,1.0,0.9688934217236104,1.0,1.0,1.0,0.9718870506281876,1.0,1.0,1.0,0.9688934217236104,1.0,1.0,1.0,0.6462656199558511,0.9998756064187088,0.9997512128374176,117.46137579300908,119.47269560890658,42.00247133885449,36.82087809432897,0.0,0.0,0.0036842105263157894,-0.0036842105263157894
267,1.0,1.0,1.0,0.9688934217236104,1.0,1.0,1.0,0.9718870506281876,1.0,1.0,1.0,0.9688934217236104,1.0,1.0,1.0,0.6462656199558511,0.9998756064187088,0.9997512128374176,117.89861923124766,119.92287597959945,42.33138249814366,36.876539362133876,0.0,0.0,0.0036704119850187265,-0.0036704119850187265
268,1.0,1.0,1.0,0.9688934217236104,1.0,1.0,1.0,0.9718870506281876,1.0,1.0,1.0,0.9688934217236104,1.0,1.0,1.0,0.6462656199558511,0.9998756064187088,0.9997512128374176,118.34631173031471,120.37119044657295,42.47467746482979,37.00835675647299,0.0,0.0,0.0036567164179104475,-0.0036567164179104475
269,1.0,1.0,1.0,0.9688934217236104,1.0,1.0,1.0,0.9718870506281876,1.0,1.0,1.0,0.9688934217236104,1.0,1.0,1.0,0.6462656199558511,0.9998756064187088,0.9997512128374176,118.79810921756437,120.8175146162458,42.66734785652303,37.18950767233288,0.0,0.0,0.0036431226765799253,-0.0036431226765799253
270,1.0,1.0,1.0,0.9688934217236104,1.0,1.0,1.0,0.9718870506281876,1.0,1.0,1.0,0.9688934217236104,1.0,1.0,1.0,0.6462656199558511,0.9998756064187088,0.9997512128374176,119.2446821743998,121.26620226396318,42.794857961711436,37.28408708233502,0.0,0.0,0.00362962962962963,-0.00362962962962963
271,1.0,1.0,1.0,0.9688934217236104,1.0,1.0,1.0,0.9718870506281876,1.0,1.0,1.0,0.9688934217236104,1.0,1.0,1.0,0.6462656199558511,0.9998756064187088,0.9997512128374176,119.68391590993905,121.71501430526185,43.07144188026569,37.440445554199265,0.0,0.0,0.0036162361623616234,-0.0036162361623616234
272,1.0,1.0,1.0,0.9688934217236104,1.0,1.0,1.0,0.9718870506281876,1.0,1.0,1.0,0.9688934217236104,1.0,1.0,1.0,0.6462656199558511,0.9998756064187088,0.9997512128374176,120.13247916407514,122.16382634656051,43.27291079957953,37.64202107188573,0.0,0.0,0.0036029411764705883,-0.0036029411764705883
273,1.0,1.0,1.0,0.9688934217236104,1.0,1.0,1.0,0.9718870506281876,1.0,1.0,1.0,0.9688934217236104,1.0,1.0,1.0,0.6462656199558511,0.9998756064187088,0.9997512128374176,120.58253514118671,122.60840900609529,43.42885114970196,37.824112093147,0.0,0.0,0.0035897435897435897,-0.0035897435897435897
274,1.0,1.0,1.0,0.9688934217236104,1.0,1.0,1.0,0.9718870506281876,1.0,1.0,1.0,0.9688934217236104,1.0,1.0,1.0,0.6462656199558511,0.9998756064187088,0.9997512128374176,121.03333747978604,123.05597711158104,43.61959609188006,37.96139494402507,0.0,0.0,0.003576642335766423,-0.003576642335766423
275,1.0,1.0,1.0,0.9688934217236104,1.0,1.0,1.0,0.9718870506281876,1.0,1.0,1.0,0.9688934217236104,1.0,1.0,1.0,0.6462656199558511,0.9998756064187088,0.9997512128374176,121.47891528797113,123.49906704814032,43.882200227414074,38.22543866120336,0.0,0.0,0.0035636363636363634,-0.0035636363636363634
276,1.0,1.0,1.0,0.9688934217236104,1.0,1.0,1.0,0.9718870506281876,1.0,1.0,1.0,0.9688934217236104,1.0,1.0,1.0,0.6462656199558511,0.9998756064187088,0.9997512128374176,121.92710536136336,123.94613757930091,44.13889133965106,38.36375989076068,0.0,0.0,0.0035507246376811595,-0.0035507246376811595
277,1.0,1.0,1.0,0.9688934217236104,1.0,1.0,1.0,0.9718870506281876,1.0,1.0,1.0,0.9688934217236104,1.0,1.0,1.0,0.6462656199558511,0.9998756064187088,0.9997512128374176,122.3535265580296,124.40017415101381,44.357161064703156,38.48896600560031,0.0,0.0,0.0035379061371841156,-0.0035379061371841156
278,1.0,1.0,1.0,0.9688934217236104,1.0,1.0,1.0,0.9718870506281876,1.0,1.0,1.0,0.9688934217236104,1.0,1.0,1.0,0.6462656199558511,0.9998756064187088,0.9997512128374176,122.8007214827715,124.84276651324792,44.56040633141033,38.54923001805185,0.0,0.0,0.003525179856115108,-0.003525179856115108
279,1.0,1.0,1.0,0.9688934217236104,1.0,1.0,1.0,0.9718870506281876,1.0,1.0,1.0,0.9688934217236104,1.0,1.0,1.0,0.6462656199558511,0.9998756064187088,0.9997512128374176,123.24306505784301,125.29294688394079,44.72342143466407,38.64368798610602,0.0,0.0,0.0035125448028673835,-0.0035125448028673835
280,1.0,1.0,1.0,0.9688934217236104,1.0,1.0,1.0,0.9718870506281876,1.0,1.0,1.0,0.9688934217236104,1.0,1.0,1.0,0.6462656199558511,0.9998756064187088,0.9997512128374176,123.6931210349546,125.73877347928847,44.88135438620777,38.75784033816834,0.0,0.0,0.0034999999999999996,-0.0034999999999999996
281,1.0,1.0,1.0,0.9688934217236104,1.0,1.0,1.0,0.9718870506281876,1.0,1.0,1.0,0.9688934217236104,1.0,1.0,1.0,0.6462656199558511,0.9998756064187088,0.9997512128374176,124.13820126881453,126.18721233984327,45.090512625019436,38.90058774884188,0.0,0.0,0.003487544483985765,-0.003487544483985765
282,1.0,1.0,1.0,0.9688934217236104,1.0,1.0,1.0,0.9718870506281876,1.0,1.0,1.0,0.9688934217236104,1.0,1.0,1.0,0.6462656199558511,0.9998756064187088,0.9997512128374176,124.58228635402413,126.63739271053613,45.25588060416668,39.092603199943866,0.0,0.0,0.0034751773049645387,-0.0034751773049645387
283,1.0,1.0,1.0,0.9688934217236104,1.0,1.0,1.0,0.9718870506281876,1.0,1.0,1.0,0.9688934217236104,1.0,1.0,1.0,0.6462656199558511,0.9998756064187088,0.9997512128374176,125.02637143923374,127.08446324169672,45.4533159608881,39.169671981541555,0.0,0.0,0.0034628975265017666,-0.0034628975265017666
284,1.0,1.0,1.0,0.9688934217236104,1.0,1.0,1.0,0.9718870506281876,1.0,1.0,1.0,0.9688934217236104,1.0,1.0,1.0,0.6462656199558511,0.9998756064187088,0.9997512128374176,125.44234357507153,127.53116059211345,45.634568549639866,39.25785817292029,0.0,0.0,0.0034507042253521126,-0.0034507042253521126
285,1.0,1.0,1.0,0.9688934217236104,1.0,1.0,1.0,0.9718870506281876,1.0,1.0,1.0,0.9688934217236104,1.0,1.0,1.0,0.6462656199558511,0.9998756064187088,0.9997512128374176,125.8840651822366,127.97748476178629,45.78810852562296,39.451458156440566,0.0,0.0,0.0034385964912280703,-0.0034385964912280703
286,1.0,1.0,1.0,0.9688934217236104,1.0,1.0,1.0,0.9718870506281876,1.0,1.0,1.0,0.9688934217236104,1.0,1.0,1.0,0.6462656199558511,0.9998756064187088,0.9997512128374176,126.33275282995398,128.42380893145915,46.06930567489186,39.57102965883468,0.0,0.0,0.0034265734265734264,-0.0034265734265734264
287,1.0,1.0,1.0,0.9688934217236104,1.0,1.0,1.0,0.9718870506281876,1.0,1.0,1.0,0.9688934217236104,1.0,1.0,1.0,0.6462656199558511,0.9998756064187088,0.9997512128374176,126.78318198780943,128.87175021768877,46.23535368638154,39.749039179684516,0.0,0.0,0.0034146341463414634,-0.0034146341463414634
288,1.0,1.0,1.0,0.9688934217236104,1.0,1.0,1.0,0.9718870506281876,1.0,1.0,1.0,0.9688934217236104,1.0,1.0,1.0,0.6462656199558511,0.9998756064187088,0.9997512128374176,127.21843512874736,129.3180743873616,46.40078925661588,39.936707816580494,0.0,0.0,0.0034027777777777776,-0.0034027777777777776
289,1.0,1.0,1.0,0.9688934217236104,1.0,1.0,1.0,0.9718870506281876,1.0,1.0,1.0,0.9688934217236104,1.0,1.0,1.0,0.6462656199558511,0.9998756064187088,0.9997512128374176,127.6646349048389,129.77211095907452,46.528129455147585,40.162732447420034,0.0,0.0,0.0033910034602076125,-0.0033910034602076125
290,1.0,1.0,1.0,0.9688934217236104,1.0,1.0,1.0,0.9718870506281876,1.0,1.0,1.0,0.9688934217236104,1.0,1.0,1.0,0.6462656199558511,0.9998756064187088,0.9997512128374176,128.1104615001866,130.2222913297674,46.72845152633544,40.27968107419687,0.0,0.0,0.003379310344827586,-0.003379310344827586
291,1.0,1.0,1.0,0.9688934217236104,1.0,1.0,1.0,0.9718870506281876,1.0,1.0,1.0,0.9688934217236104,1.0,1.0,1.0,0.6462656199558511,0.9998756064187088,0.9997512128374176,128.56113944520462,130.67508396566737,46.952878345758755,40.42427801433668,0.0,0.0,0.003367697594501718,-0.003367697594501718
292,1.0,1.0,1.0,0.9688934217236104,1.0,1.0,1.0,0.9718870506281876,1.0,1.0,1.0,0.9688934217236104,1.0,1.0,1.0,0.6462656199558511,0.9998756064187088,0.9997512128374176,128.98146535638762,131.13123522826223,47.14455944809717,40.63623608962986,0.0,0.0,0.0033561643835616434,-0.0033561643835616434
293,1.0,1.0,1.0,0.9688934217236104,1.0,1.0,1.0,0.9718870506281876,1.0,1.0,1.0,0.9688934217236104,1.0,1.0,1.0,0.6462656199558511,0.9998756064187088,0.9997512128374176,129.42057469834558,131.58290832193057,47.474583336453215,40.735927183390764,0.0,0.0,0.0033447098976109213,-0.0033447098976109213
294,1.0,1.0,1.0,0.9688934217236104,1.0,1.0,1.0,0.9718870506281876,1.0,1.0,1.0,0.9688934217236104,1.0,1.0,1.0,0.6462656199558511,0.9998756064187088,0.9997512128374176,129.86888916531908,132.03084960816022,47.60797574863897,40.8598359388197,0.0,0.0,0.003333333333333333,-0.003333333333333333
295,1.0,1.0,1.0,0.9688934217236104,1.0,1.0,1.0,0.9718870506281876,1.0,1.0,1.0,0.9688934217236104,1.0,1.0,1.0,0.6462656199558511,0.9998756064187088,0.9997512128374176,130.28946386366462,132.47717377783306,47.902267969415675,41.06132173672787,0.0,0.0,0.0033220338983050847,-0.0033220338983050847
296,1.0,1.0,1.0,0.9688934217236104,1.0,1.0,1.0,0.9718870506281876,1.0,1.0,1.0,0.9688934217236104,1.0,1.0,1.0,0.6462656199558511,0.9998756064187088,0.9997512128374176,130.7054359995024,132.92673218061947,48.120996513931956,41.2587363605754,0.0,0.0,0.003310810810810811,-0.003310810810810811
297,1.0,1.0,1.0,0.9688934217236104,1.0,1.0,1.0,0.9718870506281876,1.0,1.0,1.0,0.9688934217236104,1.0,1.0,1.0,0.6462656199558511,0.9998756064187088,0.9997512128374176,131.15623833810176,133.38089314591366,48.23805166154475,41.38647352877329,0.0,0.0,0.0032996632996632994,-0.0032996632996632994
298,1.0,1.0,1.0,0.9688934217236104,1.0,1.0,1.0,0.9718870506281876,1.0,1.0,1.0,0.9688934217236104,1.0,1.0,1.0,0.6462656199558511,0.9998756064187088,0.9997512128374176,131.5998258489862,133.83269063316334,48.48870110317384,41.56608844689784,0.0,0.0,0.0032885906040268456,-0.0032885906040268456
299,1.0,1.0,1.0,0.9688934217236104,1.0,1.0,1.0,0.9718870506281876,1.0,1.0,1.0,0.9688934217236104,1.0,1.0,1.0,0.6462656199558511,0.9998756064187088,0.9997512128374176,132.03296429904216,134.2816270680433,48.61627006272069,41.70899795963085,0.0,0.0,0.003277591973244147,-0.003277591973244147
