numberOfFeatures,test accuracy,test accuracy_modify,test accuracy_sklearn,test accuracy_regression,training accuracy,training accuracy_modify,training accuracy_sklearn,training accuracy_regression,micro f1,micro f1_modify,micro f1_sklearn,micro f1_regression,macro f1,macro f1_modify,macro f1_sklearn,macro f1_regression,oobscore,oobscore_modify,strength,strength_modify,correlation,correlation_modify,mcnemar,e-e_modify,upper,downer
20,0.6933333333333334,0.72,0.7066666666666667,0.64,1.0,1.0,1.0,0.8,0.6933333333333334,0.72,0.7066666666666667,0.64,0.691358024691358,0.7181964573268921,0.7053571428571429,0.6389730789802104,0.7066666666666667,0.7511111111111111,8.026666666666667,8.24,178.3061103981138,166.93527622876016,0.125,0.026666666666666616,0.05729554034032677,-0.11062887367366012
20,0.7066666666666667,0.6666666666666666,0.68,0.64,1.0,1.0,1.0,0.8,0.7066666666666667,0.6666666666666666,0.68,0.64,0.7053571428571429,0.6664294609500088,0.6771879483500718,0.6389730789802104,0.7466666666666667,0.7066666666666667,8.182222222222222,7.395555555555555,187.4212748862148,164.60808835526436,0.5714285714285714,-0.040000000000000036,0.11953243084183361,-0.03953243084183365
20,0.7066666666666667,0.7066666666666667,0.72,0.64,1.0,1.0,1.0,0.8,0.7066666666666667,0.7066666666666667,0.72,0.64,0.7023809523809523,0.7023809523809523,0.7167775579931668,0.6389730789802104,0.7244444444444444,0.7244444444444444,8.955555555555556,7.773333333333333,194.79623672278885,170.97619365828385,0.125,0.0,0.08371622886003376,-0.08371622886003376
20,0.7066666666666667,0.6933333333333334,0.72,0.64,1.0,1.0,1.0,0.8,0.7066666666666667,0.6933333333333334,0.72,0.64,0.7053571428571429,0.69245854876092,0.7181964573268921,0.6389730789802104,0.7333333333333333,0.7688888888888888,8.32,8.12,205.10761714626622,150.5641752836177,0.0,-0.013333333333333308,0.10159138591440885,-0.07492471924774223
20,0.76,0.6933333333333334,0.6933333333333334,0.64,1.0,1.0,1.0,0.8,0.76,0.6933333333333334,0.6933333333333334,0.64,0.7547238372093024,0.691358024691358,0.689803992087754,0.6389730789802104,0.7288888888888889,0.7111111111111111,7.786666666666667,7.444444444444445,178.95186954883496,155.637866218725,2.2857142857142856,-0.06666666666666665,0.14723606788038435,-0.013902734547051043
20,0.68,0.7466666666666667,0.7066666666666667,0.64,1.0,1.0,1.0,0.8,0.68,0.7466666666666667,0.7066666666666667,0.64,0.6785714285714286,0.7437511238985794,0.7040889526542324,0.6389730789802104,0.7466666666666667,0.7288888888888889,8.688888888888888,8.253333333333334,180.57908577023096,151.98006769616785,1.7777777777777777,0.06666666666666665,0.02297198544100837,-0.15630531877434178
20,0.6533333333333333,0.7333333333333333,0.7466666666666667,0.64,1.0,1.0,1.0,0.8,0.6533333333333333,0.7333333333333333,0.7466666666666667,0.64,0.6527777777777779,0.732142857142857,0.7450348899624262,0.6389730789802104,0.7155555555555555,0.7155555555555555,8.102222222222222,8.497777777777777,189.18331747761906,154.31873086438003,3.125,0.07999999999999996,0.005901415375945657,-0.1659014153759457
20,0.7333333333333333,0.76,0.72,0.64,1.0,1.0,1.0,0.8,0.7333333333333333,0.76,0.72,0.64,0.7274709302325582,0.7564935064935063,0.7181964573268921,0.6389730789802104,0.7333333333333333,0.7377777777777778,8.8,8.302222222222222,186.64402120719737,159.1231112506208,0.16666666666666666,0.026666666666666727,0.04743053953955918,-0.10076387287289247
20,0.7466666666666667,0.72,0.7066666666666667,0.64,1.0,1.0,1.0,0.8,0.7466666666666667,0.72,0.7066666666666667,0.64,0.7437511238985794,0.7181964573268921,0.7040889526542324,0.6389730789802104,0.7066666666666667,0.7333333333333333,8.426666666666666,8.0,177.3166619710744,157.3566156233822,0.16666666666666666,-0.026666666666666727,0.1007638728728925,-0.047430539539559155
20,0.7333333333333333,0.6933333333333334,0.72,0.64,1.0,1.0,1.0,0.8,0.7333333333333333,0.6933333333333334,0.72,0.64,0.732142857142857,0.691358024691358,0.7167775579931668,0.6389730789802104,0.7244444444444444,0.7644444444444445,8.431111111111111,8.471111111111112,195.49039614606892,156.63726533986846,0.5714285714285714,-0.039999999999999925,0.11953243084183361,-0.03953243084183365
20,0.6933333333333334,0.7066666666666667,0.7066666666666667,0.64,1.0,1.0,1.0,0.8,0.6933333333333334,0.7066666666666667,0.7066666666666667,0.64,0.69245854876092,0.7053571428571429,0.7061965811965812,0.6389730789802104,0.7244444444444444,0.7377777777777778,7.92,8.626666666666667,169.66609735139465,176.77648389765062,0.0,0.013333333333333308,0.07492471924774223,-0.10159138591440885
20,0.68,0.6933333333333334,0.68,0.64,1.0,1.0,1.0,0.8,0.68,0.6933333333333334,0.68,0.64,0.6785714285714286,0.69245854876092,0.6785714285714286,0.6389730789802104,0.7377777777777778,0.7466666666666667,7.777777777777778,8.604444444444445,159.76031785117445,173.60363687369497,0.0,0.013333333333333308,0.0549804391511884,-0.08164710581785502
20,0.7333333333333333,0.6933333333333334,0.7066666666666667,0.64,1.0,1.0,1.0,0.8,0.7333333333333333,0.6933333333333334,0.7066666666666667,0.64,0.7294372294372294,0.691358024691358,0.7053571428571429,0.6389730789802104,0.7511111111111111,0.72,9.075555555555555,8.071111111111112,174.9256963406986,170.34772081921486,0.8,-0.039999999999999925,0.10893298308802705,-0.028932983088026984
20,0.72,0.72,0.7066666666666667,0.64,1.0,1.0,1.0,0.8,0.72,0.72,0.7066666666666667,0.64,0.7192012836512748,0.7192012836512748,0.7040889526542324,0.6389730789802104,0.7333333333333333,0.7377777777777778,8.142222222222221,7.7155555555555555,184.3042136602355,157.09623319763008,0.16666666666666666,0.0,0.07381333194473372,-0.07381333194473372
20,0.76,0.7333333333333333,0.7466666666666667,0.64,1.0,1.0,1.0,0.8,0.76,0.7333333333333333,0.7466666666666667,0.64,0.7578909612625537,0.7294372294372294,0.7450348899624262,0.6389730789802104,0.7244444444444444,0.76,8.577777777777778,7.733333333333333,173.4011486893675,138.20794841926076,0.125,-0.026666666666666727,0.11062887367366009,-0.0572955403403268
20,0.72,0.64,0.7466666666666667,0.64,1.0,1.0,1.0,0.8,0.72,0.64,0.7466666666666667,0.64,0.7181964573268921,0.6376811594202898,0.7450348899624262,0.6389730789802104,0.7511111111111111,0.72,9.71111111111111,8.16,197.6311588071481,182.43907061635247,3.125,-0.07999999999999996,0.1659014153759457,-0.005901415375945657
20,0.72,0.72,0.6933333333333334,0.64,1.0,1.0,1.0,0.8,0.72,0.72,0.6933333333333334,0.64,0.7181964573268921,0.7181964573268921,0.6877828054298643,0.6389730789802104,0.7644444444444445,0.7422222222222222,9.573333333333334,7.653333333333333,187.10664931992946,158.14311305620203,0.125,0.0,0.08371622886003376,-0.08371622886003376
20,0.7333333333333333,0.7333333333333333,0.72,0.64,1.0,1.0,1.0,0.8,0.7333333333333333,0.7333333333333333,0.72,0.64,0.7294372294372294,0.732142857142857,0.7181964573268921,0.6389730789802104,0.7155555555555555,0.7066666666666667,8.684444444444445,7.48,207.5173441378198,181.68483786255544,0.125,0.0,0.08371622886003376,-0.08371622886003376
20,0.7066666666666667,0.7066666666666667,0.6666666666666666,0.64,1.0,1.0,1.0,0.8,0.7066666666666667,0.7066666666666667,0.6666666666666666,0.64,0.7053571428571429,0.7061965811965812,0.6657158138705651,0.6389730789802104,0.76,0.7377777777777778,8.515555555555556,8.008888888888889,193.0779375495906,163.72504396224247,0.16666666666666666,0.0,0.07381333194473372,-0.07381333194473372
20,0.68,0.7466666666666667,0.7066666666666667,0.64,1.0,1.0,1.0,0.8,0.68,0.7466666666666667,0.7066666666666667,0.64,0.6771879483500718,0.7437511238985794,0.7040889526542324,0.6389730789802104,0.68,0.7288888888888889,7.515555555555555,7.226666666666667,187.13673926481724,150.64448361901975,1.4545454545454546,0.06666666666666665,0.031111243018620782,-0.16444457635195409
20,0.7333333333333333,0.6933333333333334,0.72,0.64,1.0,1.0,1.0,0.8,0.7333333333333333,0.6933333333333334,0.72,0.64,0.732142857142857,0.69245854876092,0.7181964573268921,0.6389730789802104,0.7288888888888889,0.7466666666666667,8.12888888888889,8.137777777777778,177.38418626474592,147.38699956619743,0.8,-0.039999999999999925,0.10893298308802705,-0.028932983088026984
20,0.7466666666666667,0.72,0.7333333333333333,0.64,1.0,1.0,1.0,0.8,0.7466666666666667,0.72,0.7333333333333333,0.64,0.7420814479638009,0.7198007471980075,0.7294372294372294,0.6389730789802104,0.7555555555555555,0.7422222222222222,8.266666666666667,8.373333333333333,185.0365028427855,145.38468494046458,0.1,-0.026666666666666727,0.11932760541569587,-0.06599427208236253
20,0.72,0.68,0.7066666666666667,0.64,1.0,1.0,1.0,0.8,0.72,0.68,0.7066666666666667,0.64,0.7192012836512748,0.6771879483500718,0.7040889526542324,0.6389730789802104,0.7333333333333333,0.7422222222222222,8.92,7.9911111111111115,194.1858730020833,141.99908424492372,0.8,-0.039999999999999925,0.10893298308802705,-0.028932983088026984
20,0.7066666666666667,0.7866666666666666,0.7333333333333333,0.64,1.0,1.0,1.0,0.8,0.7066666666666667,0.7866666666666666,0.7333333333333333,0.64,0.7053571428571429,0.7819767441860466,0.7309899569583931,0.6389730789802104,0.76,0.7022222222222222,9.0,7.848888888888889,176.88477382876306,177.47834635379823,2.0833333333333335,0.07999999999999996,0.02212134025601377,-0.18212134025601373
20,0.6933333333333334,0.68,0.7466666666666667,0.64,1.0,1.0,1.0,0.8,0.6933333333333334,0.68,0.7466666666666667,0.64,0.6931151040740082,0.6794871794871795,0.7437511238985794,0.6389730789802104,0.7422222222222222,0.72,8.506666666666666,7.68,193.61182182119427,160.5007873938659,0.0,-0.013333333333333308,0.10159138591440885,-0.07492471924774223
20,0.72,0.72,0.7066666666666667,0.64,1.0,1.0,1.0,0.8,0.72,0.72,0.7066666666666667,0.64,0.7181964573268921,0.7181964573268921,0.7053571428571429,0.6389730789802104,0.7511111111111111,0.7644444444444445,8.764444444444445,7.9911111111111115,193.06873512661497,169.12588415699986,0.16666666666666666,0.0,0.07381333194473372,-0.07381333194473372
20,0.6933333333333334,0.6933333333333334,0.7466666666666667,0.64,1.0,1.0,1.0,0.8,0.6933333333333334,0.6933333333333334,0.7466666666666667,0.64,0.6931151040740082,0.69245854876092,0.7450348899624262,0.6389730789802104,0.7155555555555555,0.7288888888888889,8.355555555555556,7.795555555555556,176.49779185441417,165.60906269196497,0.25,0.0,0.06206666666666667,-0.06206666666666667
20,0.72,0.68,0.68,0.64,1.0,1.0,1.0,0.8,0.72,0.68,0.68,0.64,0.7167775579931668,0.6785714285714286,0.6771879483500718,0.6389730789802104,0.7377777777777778,0.7422222222222222,8.64,7.964444444444444,192.2221886372025,134.6338847224232,0.5714285714285714,-0.039999999999999925,0.11953243084183361,-0.03953243084183365
20,0.7066666666666667,0.6933333333333334,0.6933333333333334,0.64,1.0,1.0,1.0,0.8,0.7066666666666667,0.6933333333333334,0.6933333333333334,0.64,0.7053571428571429,0.691358024691358,0.691358024691358,0.6389730789802104,0.7377777777777778,0.72,8.653333333333334,7.688888888888889,216.8634660903168,166.22038279728417,0.0,-0.013333333333333308,0.10159138591440885,-0.07492471924774223
20,0.68,0.7066666666666667,0.6933333333333334,0.64,1.0,1.0,1.0,0.8,0.68,0.7066666666666667,0.6933333333333334,0.64,0.6771879483500718,0.7040889526542324,0.69245854876092,0.6389730789802104,0.7377777777777778,0.76,8.906666666666666,7.884444444444444,192.13386811157832,153.65907443712797,0.16666666666666666,0.026666666666666616,0.047430539539559155,-0.1007638728728925
20,0.72,0.7333333333333333,0.7066666666666667,0.64,1.0,1.0,1.0,0.8,0.72,0.7333333333333333,0.7066666666666667,0.64,0.7149321266968325,0.7274709302325582,0.7040889526542324,0.6389730789802104,0.7244444444444444,0.7555555555555555,7.733333333333333,8.382222222222222,182.58553512063477,190.97014057817597,0.0,0.013333333333333308,0.0549804391511884,-0.08164710581785502
20,0.68,0.68,0.6666666666666666,0.64,1.0,1.0,1.0,0.8,0.68,0.68,0.6666666666666666,0.64,0.6771879483500718,0.6794871794871795,0.6657158138705651,0.6389730789802104,0.7377777777777778,0.7422222222222222,8.542222222222222,8.28888888888889,185.57691679997563,168.1653309080998,0.16666666666666666,0.0,0.07381333194473372,-0.07381333194473372
20,0.68,0.72,0.7066666666666667,0.64,1.0,1.0,1.0,0.8,0.68,0.72,0.7066666666666667,0.64,0.6794871794871795,0.7181964573268921,0.7053571428571429,0.6389730789802104,0.7333333333333333,0.7466666666666667,7.835555555555556,7.8,180.6328646765406,167.46184226277157,0.4444444444444444,0.039999999999999925,0.04872093596336352,-0.1287209359633636
20,0.6933333333333334,0.6933333333333334,0.6933333333333334,0.64,1.0,1.0,1.0,0.8,0.6933333333333334,0.6933333333333334,0.6933333333333334,0.64,0.691358024691358,0.6877828054298643,0.691358024691358,0.6389730789802104,0.7377777777777778,0.7511111111111111,8.88,8.88888888888889,180.9891181074437,163.71472032846793,0.16666666666666666,0.0,0.07381333194473372,-0.07381333194473372
20,0.7066666666666667,0.72,0.6933333333333334,0.64,1.0,1.0,1.0,0.8,0.7066666666666667,0.72,0.6933333333333334,0.64,0.7040889526542324,0.7181964573268921,0.691358024691358,0.6389730789802104,0.7066666666666667,0.7288888888888889,8.053333333333333,7.8533333333333335,189.23859366327443,154.4899181141483,0.0,0.013333333333333308,0.0549804391511884,-0.08164710581785502
20,0.6666666666666666,0.68,0.6666666666666666,0.64,1.0,1.0,1.0,0.8,0.6666666666666666,0.68,0.6666666666666666,0.64,0.6628304261823412,0.6785714285714286,0.6657158138705651,0.6389730789802104,0.7377777777777778,0.76,8.777777777777779,8.182222222222222,192.123377876663,160.77840940289371,0.0,0.01333333333333342,0.06567478607900577,-0.0923414527456725
20,0.7066666666666667,0.68,0.7466666666666667,0.64,1.0,1.0,1.0,0.8,0.7066666666666667,0.68,0.7466666666666667,0.64,0.7040889526542324,0.6794871794871795,0.7437511238985794,0.6389730789802104,0.7244444444444444,0.7422222222222222,8.71111111111111,8.044444444444444,226.88969622086165,143.37170578343307,0.25,-0.026666666666666616,0.08908062397557572,-0.03574729064224237
20,0.7066666666666667,0.6933333333333334,0.7466666666666667,0.64,1.0,1.0,1.0,0.8,0.7066666666666667,0.6933333333333334,0.7466666666666667,0.64,0.7053571428571429,0.6877828054298643,0.7450348899624262,0.6389730789802104,0.7644444444444445,0.7377777777777778,8.80888888888889,7.635555555555555,182.9275788584051,163.55516431852047,0.0,-0.013333333333333308,0.0923414527456725,-0.06567478607900577
20,0.72,0.6933333333333334,0.7333333333333333,0.64,1.0,1.0,1.0,0.8,0.72,0.6933333333333334,0.7333333333333333,0.64,0.7192012836512748,0.6877828054298643,0.7294372294372294,0.6389730789802104,0.7422222222222222,0.7244444444444444,8.897777777777778,7.28,172.2580430964547,164.88539284340266,0.125,-0.026666666666666616,0.11062887367366012,-0.05729554034032677
20,0.68,0.6666666666666666,0.72,0.64,1.0,1.0,1.0,0.8,0.68,0.6666666666666666,0.72,0.64,0.6794871794871795,0.664519592055824,0.7181964573268921,0.6389730789802104,0.7466666666666667,0.7288888888888889,7.742222222222222,6.724444444444444,140.6561695109321,165.85311497074034,0.0,-0.01333333333333342,0.0923414527456725,-0.06567478607900577
20,0.6933333333333334,0.76,0.7066666666666667,0.64,1.0,1.0,1.0,0.8,0.6933333333333334,0.76,0.7066666666666667,0.64,0.691358024691358,0.7564935064935063,0.7040889526542324,0.6389730789802104,0.7377777777777778,0.7422222222222222,8.551111111111112,7.88,194.0081833492136,158.7146804658944,3.2,0.06666666666666665,0.0034856814726222235,-0.13681901480595554
20,0.68,0.72,0.6933333333333334,0.64,1.0,1.0,1.0,0.8,0.68,0.72,0.6933333333333334,0.64,0.6753246753246753,0.7192012836512748,0.69245854876092,0.6389730789802104,0.7333333333333333,0.7111111111111111,9.026666666666667,7.711111111111111,191.06473378538882,152.69769009384535,0.3076923076923077,0.039999999999999925,0.06445895931066313,-0.1444589593106631
20,0.7066666666666667,0.7466666666666667,0.6933333333333334,0.64,1.0,1.0,1.0,0.8,0.7066666666666667,0.7466666666666667,0.6933333333333334,0.64,0.7040889526542324,0.7450348899624262,0.6931151040740082,0.6389730789802104,0.7244444444444444,0.7466666666666667,7.884444444444444,8.471111111111112,197.56578075640317,161.20526156271703,1.3333333333333333,0.040000000000000036,0.0159606701280069,-0.09596067012800685
20,0.7466666666666667,0.7333333333333333,0.6533333333333333,0.64,1.0,1.0,1.0,0.8,0.7466666666666667,0.7333333333333333,0.6533333333333333,0.64,0.7437511238985794,0.732142857142857,0.650286944045911,0.6389730789802104,0.7333333333333333,0.7644444444444445,8.6,8.137777777777778,193.12115678368278,162.50421817244768,0.0,-0.01333333333333342,0.09234145274567244,-0.06567478607900583
20,0.72,0.7066666666666667,0.6933333333333334,0.64,1.0,1.0,1.0,0.8,0.72,0.7066666666666667,0.6933333333333334,0.64,0.7192012836512748,0.7040889526542324,0.691358024691358,0.6389730789802104,0.7511111111111111,0.7155555555555555,8.102222222222222,7.333333333333333,174.7168274158982,157.8768400450375,0.0,-0.013333333333333308,0.1015913859144089,-0.07492471924774217
20,0.6666666666666666,0.72,0.7333333333333333,0.64,1.0,1.0,1.0,0.8,0.6666666666666666,0.72,0.7333333333333333,0.64,0.6657158138705651,0.7149321266968325,0.7294372294372294,0.6389730789802104,0.7422222222222222,0.7422222222222222,8.404444444444444,7.657777777777778,180.9408339957727,137.72310922374956,1.125,0.053333333333333344,0.0313619610844465,-0.1380286277511132
20,0.6933333333333334,0.72,0.6666666666666666,0.64,1.0,1.0,1.0,0.8,0.6933333333333334,0.72,0.6666666666666666,0.64,0.69245854876092,0.7149321266968325,0.6657158138705651,0.6389730789802104,0.7244444444444444,0.7466666666666667,8.093333333333334,8.164444444444445,198.80023036249105,150.22313589077612,0.1,0.026666666666666616,0.06599427208236253,-0.11932760541569587
20,0.7066666666666667,0.7333333333333333,0.7466666666666667,0.64,1.0,1.0,1.0,0.8,0.7066666666666667,0.7333333333333333,0.7466666666666667,0.64,0.7040889526542324,0.732142857142857,0.7450348899624262,0.6389730789802104,0.7244444444444444,0.7111111111111111,8.88,7.453333333333333,184.52133331862927,156.08483407612835,0.125,0.026666666666666616,0.05729554034032677,-0.11062887367366012
20,0.6666666666666666,0.6533333333333333,0.6666666666666666,0.64,1.0,1.0,1.0,0.8,0.6666666666666666,0.6533333333333333,0.6666666666666666,0.64,0.6657158138705651,0.6527777777777779,0.6664294609500088,0.6389730789802104,0.7511111111111111,0.7511111111111111,8.742222222222223,8.337777777777777,191.7489860082337,150.2476726345709,0.0,-0.013333333333333308,0.0923414527456725,-0.06567478607900577
20,0.7466666666666667,0.7066666666666667,0.6933333333333334,0.64,1.0,1.0,1.0,0.8,0.7466666666666667,0.7066666666666667,0.6933333333333334,0.64,0.7420814479638009,0.7053571428571429,0.689803992087754,0.6389730789802104,0.7377777777777778,0.76,8.493333333333334,7.72,195.7957380388795,143.20999339157623,0.5714285714285714,-0.040000000000000036,0.11953243084183367,-0.039532430841833596
25,0.7333333333333333,0.7333333333333333,0.7466666666666667,0.72,1.0,1.0,1.0,0.8488888888888889,0.7333333333333333,0.7333333333333333,0.7466666666666667,0.72,0.7309899569583931,0.7294372294372294,0.7437511238985794,0.7192012836512748,0.7511111111111111,0.7688888888888888,9.613333333333333,8.551111111111112,178.10564509073438,146.6204548781308,0.16666666666666666,0.0,0.07381333194473372,-0.07381333194473372
25,0.76,0.7466666666666667,0.7333333333333333,0.72,1.0,1.0,1.0,0.8488888888888889,0.76,0.7466666666666667,0.7333333333333333,0.72,0.7564935064935063,0.7459440185416295,0.7294372294372294,0.7192012836512748,0.7733333333333333,0.7688888888888888,9.528888888888888,9.16,180.33492061162167,145.69106891581814,0.0,-0.013333333333333308,0.09234145274567247,-0.0656747860790058
25,0.7333333333333333,0.6933333333333334,0.72,0.72,1.0,1.0,1.0,0.8488888888888889,0.7333333333333333,0.6933333333333334,0.72,0.72,0.7294372294372294,0.689803992087754,0.7167775579931668,0.7192012836512748,0.7733333333333333,0.7644444444444445,10.88,9.115555555555556,180.48575573612192,133.7233457965156,0.4444444444444444,-0.039999999999999925,0.12872093596336354,-0.048720935963363576
25,0.76,0.6933333333333334,0.76,0.72,1.0,1.0,1.0,0.8488888888888889,0.76,0.6933333333333334,0.76,0.72,0.7564935064935063,0.691358024691358,0.7547238372093024,0.7192012836512748,0.76,0.7644444444444445,10.177777777777777,9.022222222222222,171.34045473441623,131.52491639894686,3.2,-0.06666666666666665,0.13681901480595554,-0.0034856814726222235
25,0.76,0.7333333333333333,0.8,0.72,1.0,1.0,1.0,0.8488888888888889,0.76,0.7333333333333333,0.8000000000000002,0.72,0.7589285714285714,0.7309899569583931,0.7976982557094048,0.7192012836512748,0.8,0.7688888888888888,10.28888888888889,8.422222222222222,180.26448184682,117.18073757403073,0.16666666666666666,-0.026666666666666727,0.10076387287289247,-0.04743053953955918
25,0.72,0.68,0.6933333333333334,0.72,1.0,1.0,1.0,0.8488888888888889,0.72,0.68,0.6933333333333334,0.72,0.7198007471980075,0.6785714285714286,0.6852764094143404,0.7192012836512748,0.7288888888888889,0.7777777777777778,9.755555555555556,9.817777777777778,172.53063618634386,147.40213877404892,0.4444444444444444,-0.039999999999999925,0.1287209359633636,-0.04872093596336352
25,0.6933333333333334,0.7333333333333333,0.72,0.72,1.0,1.0,1.0,0.8488888888888889,0.6933333333333334,0.7333333333333333,0.72,0.72,0.689803992087754,0.7309899569583931,0.7167775579931668,0.7192012836512748,0.7644444444444445,0.76,9.72,8.671111111111111,177.06339260238116,135.3917652766264,1.3333333333333333,0.039999999999999925,0.0159606701280069,-0.09596067012800685
25,0.72,0.7466666666666667,0.72,0.72,1.0,1.0,1.0,0.8488888888888889,0.72,0.7466666666666667,0.72,0.72,0.7181964573268921,0.7459440185416295,0.7167775579931668,0.7192012836512748,0.7911111111111111,0.7733333333333333,10.297777777777778,9.168888888888889,174.55921898710102,144.77944701968588,0.25,0.026666666666666727,0.03574729064224237,-0.08908062397557572
25,0.72,0.72,0.7733333333333333,0.72,1.0,1.0,1.0,0.8488888888888889,0.72,0.72,0.7733333333333333,0.72,0.7181964573268921,0.7167775579931668,0.7692307692307692,0.7192012836512748,0.76,0.7911111111111111,10.56,9.168888888888889,190.59318498902172,123.92828080929274,0.25,0.0,0.06206666666666667,-0.06206666666666667
25,0.72,0.72,0.7333333333333333,0.72,1.0,1.0,1.0,0.8488888888888889,0.72,0.72,0.7333333333333333,0.72,0.7181964573268921,0.7167775579931668,0.7294372294372294,0.7192012836512748,0.7733333333333333,0.7866666666666666,10.146666666666667,9.613333333333333,189.13265073643765,129.36877904079947,0.25,0.0,0.06206666666666667,-0.06206666666666667
25,0.7466666666666667,0.72,0.72,0.72,1.0,1.0,1.0,0.8488888888888889,0.7466666666666667,0.72,0.72,0.72,0.7450348899624262,0.7181964573268921,0.7149321266968325,0.7192012836512748,0.7866666666666666,0.8177777777777778,10.395555555555555,9.644444444444444,163.27227270154856,138.07833808150704,0.25,-0.026666666666666727,0.08908062397557572,-0.03574729064224237
25,0.76,0.72,0.7466666666666667,0.72,1.0,1.0,1.0,0.8488888888888889,0.76,0.72,0.7466666666666667,0.72,0.7547238372093024,0.7181964573268921,0.7450348899624262,0.7192012836512748,0.76,0.7866666666666666,9.595555555555556,8.902222222222223,188.09224860120935,139.33278230081672,0.8,-0.040000000000000036,0.108932983088027,-0.02893298308802704
25,0.7066666666666667,0.72,0.72,0.72,1.0,1.0,1.0,0.8488888888888889,0.7066666666666667,0.72,0.72,0.72,0.700218023255814,0.7181964573268921,0.7181964573268921,0.7192012836512748,0.7866666666666666,0.7866666666666666,9.653333333333334,9.346666666666666,152.9368122255652,163.88229288962089,0.0,0.013333333333333308,0.07492471924774217,-0.1015913859144089
25,0.7333333333333333,0.72,0.7333333333333333,0.72,1.0,1.0,1.0,0.8488888888888889,0.7333333333333333,0.72,0.7333333333333333,0.72,0.7294372294372294,0.7181964573268921,0.7309899569583931,0.7192012836512748,0.7777777777777778,0.7644444444444445,10.315555555555555,8.64,181.01169577900515,140.64541168547836,0.0,-0.013333333333333308,0.08164710581785502,-0.0549804391511884
25,0.7066666666666667,0.76,0.7333333333333333,0.72,1.0,1.0,1.0,0.8488888888888889,0.7066666666666667,0.76,0.7333333333333333,0.72,0.7040889526542324,0.7564935064935063,0.7274709302325582,0.7192012836512748,0.7644444444444445,0.76,9.582222222222223,8.146666666666667,169.82395330410117,128.64759308458943,1.5,0.053333333333333344,0.0216080736495044,-0.1282747403161711
25,0.72,0.7066666666666667,0.72,0.72,1.0,1.0,1.0,0.8488888888888889,0.72,0.7066666666666667,0.72,0.72,0.7167775579931668,0.7023809523809523,0.7181964573268921,0.7192012836512748,0.7466666666666667,0.7733333333333333,9.546666666666667,8.946666666666667,179.4078012670508,144.79822984781143,0.0,-0.013333333333333308,0.08164710581785502,-0.0549804391511884
25,0.72,0.7066666666666667,0.76,0.72,1.0,1.0,1.0,0.8488888888888889,0.72,0.7066666666666667,0.76,0.72,0.7181964573268921,0.7040889526542324,0.7578909612625537,0.7192012836512748,0.7688888888888888,0.7777777777777778,9.786666666666667,9.213333333333333,182.84475986720983,148.54596939743183,0.0,-0.013333333333333308,0.0923414527456725,-0.06567478607900577
25,0.7466666666666667,0.72,0.72,0.72,1.0,1.0,1.0,0.8488888888888889,0.7466666666666667,0.72,0.72,0.72,0.7437511238985794,0.7181964573268921,0.7181964573268921,0.7192012836512748,0.76,0.7244444444444444,10.0,8.328888888888889,159.47974605862944,131.4197341770123,0.16666666666666666,-0.026666666666666727,0.1007638728728925,-0.047430539539559155
25,0.7333333333333333,0.72,0.76,0.72,1.0,1.0,1.0,0.8488888888888889,0.7333333333333333,0.72,0.76,0.72,0.7309899569583931,0.7181964573268921,0.7578909612625537,0.7192012836512748,0.76,0.7822222222222223,9.80888888888889,8.684444444444445,184.63634646430313,150.56960982366135,0.0,-0.013333333333333308,0.1015913859144089,-0.07492471924774217
25,0.7333333333333333,0.7333333333333333,0.7333333333333333,0.72,1.0,1.0,1.0,0.8488888888888889,0.7333333333333333,0.7333333333333333,0.7333333333333333,0.72,0.7309899569583931,0.7294372294372294,0.7294372294372294,0.7192012836512748,0.7733333333333333,0.7866666666666666,10.382222222222222,10.08,200.7555478478522,135.7694662989681,0.25,0.0,0.06206666666666667,-0.06206666666666667
25,0.7466666666666667,0.7333333333333333,0.72,0.72,1.0,1.0,1.0,0.8488888888888889,0.7466666666666667,0.7333333333333333,0.72,0.72,0.7420814479638009,0.7309899569583931,0.7167775579931668,0.7192012836512748,0.7688888888888888,0.7866666666666666,10.515555555555556,8.946666666666667,173.62191635262974,123.25400956464485,0.0,-0.01333333333333342,0.08164710581785507,-0.054980439151188346
25,0.8,0.7466666666666667,0.7333333333333333,0.72,1.0,1.0,1.0,0.8488888888888889,0.8000000000000002,0.7466666666666667,0.7333333333333333,0.72,0.7947454844006568,0.7459440185416295,0.7294372294372294,0.7192012836512748,0.7644444444444445,0.76,9.182222222222222,9.084444444444445,172.07720409482027,147.54816887046522,1.125,-0.053333333333333344,0.1380286277511132,-0.0313619610844465
25,0.72,0.7333333333333333,0.76,0.72,1.0,1.0,1.0,0.8488888888888889,0.72,0.7333333333333333,0.76,0.72,0.7181964573268921,0.7309899569583931,0.7547238372093024,0.7192012836512748,0.7644444444444445,0.7466666666666667,9.942222222222222,9.511111111111111,164.99650834575988,159.12604477051448,0.0,0.013333333333333308,0.06567478607900583,-0.09234145274567244
25,0.76,0.7466666666666667,0.6933333333333334,0.72,1.0,1.0,1.0,0.8488888888888889,0.76,0.7466666666666667,0.6933333333333334,0.72,0.7564935064935063,0.7459440185416295,0.689803992087754,0.7192012836512748,0.7644444444444445,0.7377777777777778,9.813333333333333,9.217777777777778,184.2783770025922,148.4094791772415,0.0,-0.013333333333333308,0.09234145274567247,-0.0656747860790058
25,0.7333333333333333,0.7333333333333333,0.7733333333333333,0.72,1.0,1.0,1.0,0.8488888888888889,0.7333333333333333,0.7333333333333333,0.7733333333333333,0.72,0.7294372294372294,0.7309899569583931,0.7718733225979604,0.7192012836512748,0.76,0.7733333333333333,9.075555555555555,9.151111111111112,175.71161445405187,130.6826216003378,0.16666666666666666,0.0,0.07381333194473372,-0.07381333194473372
25,0.7333333333333333,0.72,0.7466666666666667,0.72,1.0,1.0,1.0,0.8488888888888889,0.7333333333333333,0.72,0.7466666666666667,0.72,0.7309899569583931,0.7167775579931668,0.7459440185416295,0.7192012836512748,0.8,0.7733333333333333,10.053333333333333,8.906666666666666,158.36416551437753,128.62404787129287,0.0,-0.013333333333333308,0.09234145274567244,-0.06567478607900583
25,0.76,0.7466666666666667,0.7466666666666667,0.72,1.0,1.0,1.0,0.8488888888888889,0.76,0.7466666666666667,0.7466666666666667,0.72,0.7578909612625537,0.7450348899624262,0.7437511238985794,0.7192012836512748,0.7955555555555556,0.7422222222222222,10.453333333333333,8.088888888888889,152.53614276012817,146.3362381855093,0.0,-0.013333333333333308,0.08164710581785505,-0.05498043915118837
25,0.7466666666666667,0.6933333333333334,0.7066666666666667,0.72,1.0,1.0,1.0,0.8488888888888889,0.7466666666666667,0.6933333333333334,0.7066666666666667,0.72,0.7437511238985794,0.691358024691358,0.7040889526542324,0.7192012836512748,0.7644444444444445,0.7733333333333333,9.751111111111111,9.364444444444445,179.6232672625929,155.91028936342866,1.5,-0.053333333333333344,0.1282747403161711,-0.0216080736495044
25,0.7466666666666667,0.7466666666666667,0.72,0.72,1.0,1.0,1.0,0.8488888888888889,0.7466666666666667,0.7466666666666667,0.72,0.72,0.7437511238985794,0.7437511238985794,0.7149321266968325,0.7192012836512748,0.7777777777777778,0.76,10.182222222222222,8.56,195.73822431454872,147.63740379779804,0.25,0.0,0.06206666666666667,-0.06206666666666667
25,0.7333333333333333,0.7066666666666667,0.72,0.72,1.0,1.0,1.0,0.8488888888888889,0.7333333333333333,0.7066666666666667,0.72,0.72,0.7294372294372294,0.7061965811965812,0.7167775579931668,0.7192012836512748,0.7644444444444445,0.7955555555555556,9.746666666666666,8.586666666666666,184.94416951486224,141.61381519570674,0.125,-0.026666666666666616,0.11062887367366012,-0.05729554034032677
25,0.7066666666666667,0.76,0.8,0.72,1.0,1.0,1.0,0.8488888888888889,0.7066666666666667,0.76,0.8000000000000002,0.72,0.7023809523809523,0.7589285714285714,0.7963800904977376,0.7192012836512748,0.7733333333333333,0.76,9.773333333333333,8.488888888888889,170.107850330903,140.25514013010317,1.125,0.053333333333333344,0.03136196108444653,-0.13802862775111316
25,0.7466666666666667,0.72,0.7466666666666667,0.72,1.0,1.0,1.0,0.8488888888888889,0.7466666666666667,0.72,0.7466666666666667,0.72,0.7450348899624262,0.7167775579931668,0.7437511238985794,0.7192012836512748,0.7777777777777778,0.8044444444444444,10.164444444444445,9.622222222222222,157.0385072674149,138.08677670342766,0.16666666666666666,-0.026666666666666727,0.1007638728728925,-0.047430539539559155
25,0.72,0.76,0.7466666666666667,0.72,1.0,1.0,1.0,0.8488888888888889,0.72,0.76,0.7466666666666667,0.72,0.7181964573268921,0.7589285714285714,0.7450348899624262,0.7192012836512748,0.7911111111111111,0.7466666666666667,9.564444444444444,8.866666666666667,164.7795592846582,156.1467017815622,0.5714285714285714,0.040000000000000036,0.039532430841833624,-0.11953243084183364
25,0.7066666666666667,0.7466666666666667,0.72,0.72,1.0,1.0,1.0,0.8488888888888889,0.7066666666666667,0.7466666666666667,0.72,0.72,0.7040889526542324,0.7450348899624262,0.7167775579931668,0.7192012836512748,0.7911111111111111,0.7822222222222223,10.924444444444445,9.644444444444444,179.84070900277823,156.08339194413392,0.5714285714285714,0.040000000000000036,0.039532430841833596,-0.11953243084183367
25,0.76,0.7333333333333333,0.7333333333333333,0.72,1.0,1.0,1.0,0.8488888888888889,0.76,0.7333333333333333,0.7333333333333333,0.72,0.7547238372093024,0.732142857142857,0.7294372294372294,0.7192012836512748,0.7866666666666666,0.7688888888888888,9.71111111111111,8.88888888888889,154.7052257979576,140.7191493099849,0.1,-0.026666666666666727,0.11932760541569584,-0.06599427208236255
25,0.7333333333333333,0.72,0.7333333333333333,0.72,1.0,1.0,1.0,0.8488888888888889,0.7333333333333333,0.72,0.7333333333333333,0.72,0.7294372294372294,0.7181964573268921,0.7294372294372294,0.7192012836512748,0.8,0.7733333333333333,10.311111111111112,9.0,181.78446193052105,145.97886162928336,0.0,-0.013333333333333308,0.09234145274567244,-0.06567478607900583
25,0.7466666666666667,0.7066666666666667,0.7333333333333333,0.72,1.0,1.0,1.0,0.8488888888888889,0.7466666666666667,0.7066666666666667,0.7333333333333333,0.72,0.7437511238985794,0.7040889526542324,0.7309899569583931,0.7192012836512748,0.7466666666666667,0.7244444444444444,9.555555555555555,8.04,158.14983074761233,137.47102288621215,0.5714285714285714,-0.040000000000000036,0.11953243084183367,-0.039532430841833596
25,0.76,0.7466666666666667,0.7733333333333333,0.72,1.0,1.0,1.0,0.8488888888888889,0.76,0.7466666666666667,0.7733333333333333,0.72,0.7564935064935063,0.7450348899624262,0.7707246898039921,0.7192012836512748,0.7866666666666666,0.7333333333333333,10.044444444444444,8.164444444444445,156.94839387115718,165.88770518748035,0.0,-0.013333333333333308,0.10159138591440887,-0.0749247192477422
25,0.7466666666666667,0.6933333333333334,0.72,0.72,1.0,1.0,1.0,0.8488888888888889,0.7466666666666667,0.6933333333333334,0.72,0.72,0.7450348899624262,0.6877828054298643,0.7149321266968325,0.7192012836512748,0.7644444444444445,0.7644444444444445,10.204444444444444,8.697777777777778,164.0167613206114,145.66609753674393,1.125,-0.053333333333333344,0.1380286277511132,-0.0313619610844465
25,0.7333333333333333,0.7733333333333333,0.7333333333333333,0.72,1.0,1.0,1.0,0.8488888888888889,0.7333333333333333,0.7733333333333333,0.7333333333333333,0.72,0.7294372294372294,0.7692307692307692,0.7309899569583931,0.7192012836512748,0.7733333333333333,0.7822222222222223,9.4,8.84,185.09978864632214,122.05227439568301,0.8,0.040000000000000036,0.02893298308802704,-0.108932983088027
25,0.7866666666666666,0.7466666666666667,0.7466666666666667,0.72,1.0,1.0,1.0,0.8488888888888889,0.7866666666666666,0.7466666666666667,0.7466666666666667,0.72,0.7819767441860466,0.7459440185416295,0.7437511238985794,0.7192012836512748,0.76,0.7511111111111111,10.053333333333333,9.48,162.29300477076694,168.36247604677223,0.4444444444444444,-0.039999999999999925,0.12872093596336356,-0.04872093596336355
25,0.7333333333333333,0.76,0.7466666666666667,0.72,1.0,1.0,1.0,0.8488888888888889,0.7333333333333333,0.76,0.7466666666666667,0.72,0.7309899569583931,0.7564935064935063,0.7437511238985794,0.7192012836512748,0.7688888888888888,0.8177777777777778,9.817777777777778,9.72888888888889,193.2276643769865,145.05122145188128,0.16666666666666666,0.026666666666666727,0.04743053953955918,-0.10076387287289247
25,0.7333333333333333,0.7066666666666667,0.7333333333333333,0.72,1.0,1.0,1.0,0.8488888888888889,0.7333333333333333,0.7066666666666667,0.7333333333333333,0.72,0.7309899569583931,0.7040889526542324,0.7294372294372294,0.7192012836512748,0.7822222222222223,0.7777777777777778,10.462222222222222,9.262222222222222,190.69289055272432,145.06190998596782,0.16666666666666666,-0.026666666666666616,0.1007638728728925,-0.047430539539559155
25,0.7466666666666667,0.7733333333333333,0.6666666666666666,0.72,1.0,1.0,1.0,0.8488888888888889,0.7466666666666667,0.7733333333333333,0.6666666666666666,0.72,0.7437511238985794,0.7718733225979604,0.6628304261823412,0.7192012836512748,0.7911111111111111,0.76,10.724444444444444,8.817777777777778,155.0902641271229,152.1754322223453,0.16666666666666666,0.026666666666666616,0.047430539539559155,-0.1007638728728925
25,0.72,0.72,0.72,0.72,1.0,1.0,1.0,0.8488888888888889,0.72,0.72,0.72,0.72,0.7181964573268921,0.7181964573268921,0.7167775579931668,0.7192012836512748,0.7644444444444445,0.7822222222222223,9.71111111111111,8.986666666666666,188.9012202508468,133.223613634396,0.16666666666666666,0.0,0.07381333194473372,-0.07381333194473372
25,0.72,0.76,0.7466666666666667,0.72,1.0,1.0,1.0,0.8488888888888889,0.72,0.76,0.7466666666666667,0.72,0.7167775579931668,0.7564935064935063,0.7437511238985794,0.7192012836512748,0.7511111111111111,0.7866666666666666,9.782222222222222,9.146666666666667,171.24522842579165,146.2647228937313,0.8,0.040000000000000036,0.02893298308802704,-0.108932983088027
25,0.7466666666666667,0.6533333333333333,0.76,0.72,1.0,1.0,1.0,0.8488888888888889,0.7466666666666667,0.6533333333333333,0.76,0.72,0.7400109469074986,0.6517857142857142,0.7564935064935063,0.7192012836512748,0.7733333333333333,0.7555555555555555,10.328888888888889,9.404444444444444,158.72427131210492,160.33060109020164,3.272727272727273,-0.09333333333333338,0.19234463838010502,-0.005677971713438271
25,0.76,0.7466666666666667,0.72,0.72,1.0,1.0,1.0,0.8488888888888889,0.76,0.7466666666666667,0.72,0.72,0.7547238372093024,0.7450348899624262,0.7149321266968325,0.7192012836512748,0.7822222222222223,0.7733333333333333,10.395555555555555,8.706666666666667,156.18265984349907,144.2012117638417,0.0,-0.013333333333333308,0.09234145274567247,-0.0656747860790058
25,0.7466666666666667,0.7333333333333333,0.76,0.72,1.0,1.0,1.0,0.8488888888888889,0.7466666666666667,0.7333333333333333,0.76,0.72,0.7437511238985794,0.7309899569583931,0.7547238372093024,0.7192012836512748,0.7822222222222223,0.76,10.16,9.124444444444444,158.93356686083254,143.56270631561938,0.0,-0.01333333333333342,0.08164710581785507,-0.054980439151188346
25,0.6933333333333334,0.6933333333333334,0.7866666666666666,0.72,1.0,1.0,1.0,0.8488888888888889,0.6933333333333334,0.6933333333333334,0.7866666666666666,0.72,0.689803992087754,0.691358024691358,0.7819767441860466,0.7192012836512748,0.7777777777777778,0.7688888888888888,9.724444444444444,9.222222222222221,158.70298889645264,149.36314885608272,0.125,0.0,0.08371622886003376,-0.08371622886003376
30,0.6666666666666666,0.7466666666666667,0.7466666666666667,0.6933333333333334,1.0,1.0,1.0,0.84,0.6666666666666666,0.7466666666666667,0.7466666666666667,0.6933333333333334,0.664519592055824,0.7450348899624262,0.7437511238985794,0.69245854876092,0.7422222222222222,0.7511111111111111,8.422222222222222,8.24,169.42947093172998,138.52691885803776,3.125,0.08000000000000007,0.005901415375945657,-0.1659014153759457
30,0.72,0.76,0.7333333333333333,0.6933333333333334,1.0,1.0,1.0,0.84,0.72,0.76,0.7333333333333333,0.6933333333333334,0.7149321266968325,0.7578909612625537,0.7309899569583931,0.69245854876092,0.7777777777777778,0.7466666666666667,9.27111111111111,8.817777777777778,168.67419189618775,144.65063316739307,0.5714285714285714,0.040000000000000036,0.039532430841833624,-0.11953243084183364
30,0.7466666666666667,0.72,0.72,0.6933333333333334,1.0,1.0,1.0,0.84,0.7466666666666667,0.72,0.72,0.6933333333333334,0.7437511238985794,0.7167775579931668,0.7167775579931668,0.69245854876092,0.7644444444444445,0.7466666666666667,9.551111111111112,9.115555555555556,178.01105346211307,157.83186585951935,0.16666666666666666,-0.026666666666666727,0.1007638728728925,-0.047430539539559155
30,0.76,0.7466666666666667,0.7466666666666667,0.6933333333333334,1.0,1.0,1.0,0.84,0.76,0.7466666666666667,0.7466666666666667,0.6933333333333334,0.7564935064935063,0.7437511238985794,0.7437511238985794,0.69245854876092,0.76,0.7333333333333333,9.262222222222222,7.862222222222222,158.35669523335358,124.83209370993916,0.0,-0.013333333333333308,0.09234145274567247,-0.0656747860790058
30,0.76,0.7466666666666667,0.72,0.6933333333333334,1.0,1.0,1.0,0.84,0.76,0.7466666666666667,0.72,0.6933333333333334,0.7578909612625537,0.7450348899624262,0.7181964573268921,0.69245854876092,0.7511111111111111,0.7911111111111111,10.071111111111112,9.226666666666667,181.47308895880857,123.82818937252634,0.0,-0.013333333333333308,0.10159138591440887,-0.0749247192477422
30,0.7733333333333333,0.7466666666666667,0.7333333333333333,0.6933333333333334,1.0,1.0,1.0,0.84,0.7733333333333333,0.7466666666666667,0.7333333333333333,0.6933333333333334,0.7707246898039921,0.7420814479638009,0.732142857142857,0.69245854876092,0.7422222222222222,0.7155555555555555,9.52,8.28888888888889,181.1435653995293,141.08334315529194,0.1,-0.026666666666666616,0.11932760541569587,-0.06599427208236253
30,0.72,0.7866666666666666,0.76,0.6933333333333334,1.0,1.0,1.0,0.84,0.72,0.7866666666666666,0.76,0.6933333333333334,0.7167775579931668,0.7857142857142858,0.7589285714285714,0.69245854876092,0.7733333333333333,0.7688888888888888,9.057777777777778,8.848888888888888,148.48895120690952,144.20401076912648,2.2857142857142856,0.06666666666666665,0.013902734547051016,-0.14723606788038437
30,0.72,0.72,0.7733333333333333,0.6933333333333334,1.0,1.0,1.0,0.84,0.72,0.72,0.7733333333333333,0.6933333333333334,0.7167775579931668,0.7181964573268921,0.7707246898039921,0.69245854876092,0.76,0.7955555555555556,9.684444444444445,8.52,162.69572626498234,123.88124163335199,0.125,0.0,0.08371622886003376,-0.08371622886003376
30,0.7333333333333333,0.7333333333333333,0.6933333333333334,0.6933333333333334,1.0,1.0,1.0,0.84,0.7333333333333333,0.7333333333333333,0.6933333333333334,0.6933333333333334,0.7309899569583931,0.7294372294372294,0.691358024691358,0.69245854876092,0.7733333333333333,0.76,10.044444444444444,9.6,151.01390352078042,135.21606066714452,0.16666666666666666,0.0,0.07381333194473372,-0.07381333194473372
30,0.7733333333333333,0.72,0.7466666666666667,0.6933333333333334,1.0,1.0,1.0,0.84,0.7733333333333333,0.72,0.7466666666666667,0.6933333333333334,0.7707246898039921,0.7167775579931668,0.7450348899624262,0.69245854876092,0.7288888888888889,0.7777777777777778,8.991111111111111,8.76,162.99145197233307,143.16444174709872,0.9,-0.053333333333333344,0.14665104012745067,-0.03998437346078397
30,0.7466666666666667,0.76,0.8,0.6933333333333334,1.0,1.0,1.0,0.84,0.7466666666666667,0.76,0.8000000000000002,0.6933333333333334,0.7437511238985794,0.7578909612625537,0.7976982557094048,0.69245854876092,0.7333333333333333,0.7644444444444445,9.11111111111111,8.462222222222222,180.002455724167,135.37181112937927,0.0,0.013333333333333308,0.0749247192477422,-0.10159138591440887
30,0.72,0.7733333333333333,0.72,0.6933333333333334,1.0,1.0,1.0,0.84,0.72,0.7733333333333333,0.72,0.6933333333333334,0.7167775579931668,0.7726867534319843,0.7149321266968325,0.69245854876092,0.7244444444444444,0.7466666666666667,8.95111111111111,8.537777777777778,169.82184718408462,134.49718588645575,0.9,0.053333333333333344,0.03998437346078397,-0.14665104012745067
30,0.72,0.7733333333333333,0.72,0.6933333333333334,1.0,1.0,1.0,0.84,0.72,0.7733333333333333,0.72,0.6933333333333334,0.7181964573268921,0.7726867534319843,0.7167775579931668,0.69245854876092,0.7511111111111111,0.76,9.408888888888889,8.457777777777778,195.69187665538465,136.66985993866015,1.5,0.053333333333333344,0.0216080736495044,-0.1282747403161711
30,0.7066666666666667,0.7466666666666667,0.7466666666666667,0.6933333333333334,1.0,1.0,1.0,0.84,0.7066666666666667,0.7466666666666667,0.7466666666666667,0.6933333333333334,0.7040889526542324,0.7437511238985794,0.7437511238985794,0.69245854876092,0.7733333333333333,0.7555555555555555,9.746666666666666,8.124444444444444,169.21764470349072,130.93128347760336,1.3333333333333333,0.040000000000000036,0.0159606701280069,-0.09596067012800685
30,0.7466666666666667,0.7866666666666666,0.7333333333333333,0.6933333333333334,1.0,1.0,1.0,0.84,0.7466666666666667,0.7866666666666666,0.7333333333333333,0.6933333333333334,0.7420814479638009,0.7857142857142858,0.7309899569583931,0.69245854876092,0.7688888888888888,0.76,9.782222222222222,8.168888888888889,168.44395532203032,136.79595088724926,0.8,0.039999999999999925,0.02893298308802701,-0.10893298308802703
30,0.7333333333333333,0.7866666666666666,0.7466666666666667,0.6933333333333334,1.0,1.0,1.0,0.84,0.7333333333333333,0.7866666666666666,0.7466666666666667,0.6933333333333334,0.7309899569583931,0.7835497835497836,0.7450348899624262,0.69245854876092,0.7377777777777778,0.7377777777777778,9.582222222222223,8.346666666666666,168.582261018342,144.66462215684672,1.5,0.053333333333333344,0.021608073649504428,-0.12827474031617106
30,0.7466666666666667,0.6933333333333334,0.7733333333333333,0.6933333333333334,1.0,1.0,1.0,0.84,0.7466666666666667,0.6933333333333334,0.7733333333333333,0.6933333333333334,0.7420814479638009,0.69245854876092,0.7707246898039921,0.69245854876092,0.7644444444444445,0.7866666666666666,10.168888888888889,8.6,190.3353817972294,132.39504304311652,0.9,-0.053333333333333344,0.14665104012745067,-0.03998437346078397
30,0.8,0.76,0.7333333333333333,0.6933333333333334,1.0,1.0,1.0,0.84,0.8000000000000002,0.76,0.7333333333333333,0.6933333333333334,0.7963800904977376,0.7564935064935063,0.7294372294372294,0.69245854876092,0.7777777777777778,0.7955555555555556,9.28888888888889,8.373333333333333,146.066121998016,131.2363233835537,0.8,-0.040000000000000036,0.10893298308802703,-0.02893298308802701
30,0.72,0.7866666666666666,0.7733333333333333,0.6933333333333334,1.0,1.0,1.0,0.84,0.72,0.7866666666666666,0.7733333333333333,0.6933333333333334,0.7181964573268921,0.7857142857142858,0.7707246898039921,0.69245854876092,0.7377777777777778,0.7555555555555555,9.697777777777778,8.053333333333333,189.1932407483149,132.442028403244,2.2857142857142856,0.06666666666666665,0.013902734547051016,-0.14723606788038437
30,0.7866666666666666,0.7866666666666666,0.7333333333333333,0.6933333333333334,1.0,1.0,1.0,0.84,0.7866666666666666,0.7866666666666666,0.7333333333333333,0.6933333333333334,0.7847919655667145,0.7847919655667145,0.7309899569583931,0.69245854876092,0.7733333333333333,0.72,9.853333333333333,8.106666666666667,174.69383671725535,147.14599173255425,0.25,0.0,0.06206666666666667,-0.06206666666666667
30,0.76,0.6933333333333334,0.7466666666666667,0.6933333333333334,1.0,1.0,1.0,0.84,0.76,0.6933333333333334,0.7466666666666667,0.6933333333333334,0.7578909612625537,0.689803992087754,0.7420814479638009,0.69245854876092,0.7555555555555555,0.7644444444444445,9.462222222222222,8.391111111111112,167.55255793894162,139.1179988256253,1.7777777777777777,-0.06666666666666665,0.15630531877434176,-0.022971985441008397
30,0.7466666666666667,0.7333333333333333,0.7466666666666667,0.6933333333333334,1.0,1.0,1.0,0.84,0.7466666666666667,0.7333333333333333,0.7466666666666667,0.6933333333333334,0.7437511238985794,0.732142857142857,0.7459440185416295,0.69245854876092,0.7422222222222222,0.76,9.671111111111111,8.84,191.61484957958783,128.46974171328947,0.0,-0.01333333333333342,0.08164710581785507,-0.054980439151188346
30,0.72,0.72,0.7866666666666666,0.6933333333333334,1.0,1.0,1.0,0.84,0.72,0.72,0.7866666666666666,0.6933333333333334,0.7167775579931668,0.7181964573268921,0.7835497835497836,0.69245854876092,0.7644444444444445,0.7688888888888888,8.884444444444444,8.635555555555555,158.3249506751771,156.59328082130722,0.125,0.0,0.08371622886003376,-0.08371622886003376
30,0.7466666666666667,0.7466666666666667,0.7333333333333333,0.6933333333333334,1.0,1.0,1.0,0.84,0.7466666666666667,0.7466666666666667,0.7333333333333333,0.6933333333333334,0.7437511238985794,0.7450348899624262,0.7274709302325582,0.69245854876092,0.7333333333333333,0.7377777777777778,9.324444444444444,7.9511111111111115,180.22112691613685,151.85207267110223,0.125,0.0,0.08371622886003376,-0.08371622886003376
30,0.7333333333333333,0.72,0.76,0.6933333333333334,1.0,1.0,1.0,0.84,0.7333333333333333,0.72,0.76,0.6933333333333334,0.7309899569583931,0.7167775579931668,0.7578909612625537,0.69245854876092,0.7644444444444445,0.7422222222222222,9.004444444444445,8.373333333333333,166.50679211988148,144.89779830189835,0.0,-0.013333333333333308,0.08164710581785502,-0.0549804391511884
30,0.7733333333333333,0.72,0.7333333333333333,0.6933333333333334,1.0,1.0,1.0,0.84,0.7733333333333333,0.72,0.7333333333333333,0.6933333333333334,0.7707246898039921,0.7167775579931668,0.7309899569583931,0.69245854876092,0.7644444444444445,0.7688888888888888,9.035555555555556,8.586666666666666,166.48491984297937,132.4138920166759,0.9,-0.053333333333333344,0.14665104012745067,-0.03998437346078397
30,0.76,0.72,0.7866666666666666,0.6933333333333334,1.0,1.0,1.0,0.84,0.76,0.72,0.7866666666666666,0.6933333333333334,0.7578909612625537,0.7192012836512748,0.7835497835497836,0.69245854876092,0.7733333333333333,0.7377777777777778,9.435555555555556,9.137777777777778,173.01882423139455,167.39711653776325,0.3076923076923077,-0.040000000000000036,0.14445895931066316,-0.06445895931066307
30,0.76,0.72,0.72,0.6933333333333334,1.0,1.0,1.0,0.84,0.76,0.72,0.72,0.6933333333333334,0.7564935064935063,0.7181964573268921,0.7181964573268921,0.69245854876092,0.76,0.7688888888888888,9.471111111111112,8.262222222222222,163.6764053368018,129.23981212851217,0.5714285714285714,-0.040000000000000036,0.11953243084183364,-0.039532430841833624
30,0.7066666666666667,0.7733333333333333,0.7333333333333333,0.6933333333333334,1.0,1.0,1.0,0.84,0.7066666666666667,0.7733333333333333,0.7333333333333333,0.6933333333333334,0.700218023255814,0.7718733225979604,0.7309899569583931,0.69245854876092,0.7555555555555555,0.76,9.408888888888889,8.484444444444444,172.27562393777356,129.46516135112958,2.2857142857142856,0.06666666666666665,0.013902734547051043,-0.14723606788038435
30,0.7466666666666667,0.76,0.7733333333333333,0.6933333333333334,1.0,1.0,1.0,0.84,0.7466666666666667,0.76,0.7733333333333333,0.6933333333333334,0.7450348899624262,0.7564935064935063,0.7692307692307692,0.69245854876092,0.7466666666666667,0.8,8.63111111111111,9.435555555555556,153.52040662974562,116.47058723582218,0.0,0.013333333333333308,0.05498043915118837,-0.08164710581785505
30,0.76,0.7866666666666666,0.7333333333333333,0.6933333333333334,1.0,1.0,1.0,0.84,0.76,0.7866666666666666,0.7333333333333333,0.6933333333333334,0.7578909612625537,0.7857142857142858,0.7309899569583931,0.69245854876092,0.7822222222222223,0.7644444444444445,9.742222222222223,8.973333333333333,165.59528019464605,137.4867920721392,0.25,0.026666666666666616,0.03574729064224237,-0.08908062397557572
30,0.7066666666666667,0.72,0.7066666666666667,0.6933333333333334,1.0,1.0,1.0,0.84,0.7066666666666667,0.72,0.7066666666666667,0.6933333333333334,0.7040889526542324,0.7181964573268921,0.7040889526542324,0.69245854876092,0.7511111111111111,0.7422222222222222,9.72,7.902222222222222,176.34041271137056,134.5886183934493,0.0,0.013333333333333308,0.06567478607900577,-0.0923414527456725
30,0.7466666666666667,0.7466666666666667,0.7333333333333333,0.6933333333333334,1.0,1.0,1.0,0.84,0.7466666666666667,0.7466666666666667,0.7333333333333333,0.6933333333333334,0.7420814479638009,0.7437511238985794,0.7309899569583931,0.69245854876092,0.7155555555555555,0.7244444444444444,8.644444444444444,7.542222222222223,167.77383674565573,142.19139838634925,0.16666666666666666,0.0,0.07381333194473372,-0.07381333194473372
30,0.7733333333333333,0.7333333333333333,0.7066666666666667,0.6933333333333334,1.0,1.0,1.0,0.84,0.7733333333333333,0.7333333333333333,0.7066666666666667,0.6933333333333334,0.7692307692307692,0.732142857142857,0.7023809523809523,0.69245854876092,0.7511111111111111,0.7555555555555555,9.4,8.48,176.48226770859984,135.6320837291565,0.5714285714285714,-0.040000000000000036,0.11953243084183361,-0.03953243084183365
30,0.76,0.76,0.7733333333333333,0.6933333333333334,1.0,1.0,1.0,0.84,0.76,0.76,0.7733333333333333,0.6933333333333334,0.7589285714285714,0.7547238372093024,0.7707246898039921,0.69245854876092,0.7866666666666666,0.7333333333333333,9.831111111111111,8.302222222222222,184.15478237114164,141.69421355245777,0.1,0.0,0.09244085618573362,-0.09244085618573362
30,0.7333333333333333,0.7866666666666666,0.7333333333333333,0.6933333333333334,1.0,1.0,1.0,0.84,0.7333333333333333,0.7866666666666666,0.7333333333333333,0.6933333333333334,0.7309899569583931,0.7857142857142858,0.7294372294372294,0.69245854876092,0.7644444444444445,0.7333333333333333,9.96,8.471111111111112,153.4416119123219,140.04174062048597,1.125,0.053333333333333344,0.03136196108444653,-0.13802862775111316
30,0.7466666666666667,0.7466666666666667,0.7466666666666667,0.6933333333333334,1.0,1.0,1.0,0.84,0.7466666666666667,0.7466666666666667,0.7466666666666667,0.6933333333333334,0.7437511238985794,0.7459440185416295,0.7437511238985794,0.69245854876092,0.7422222222222222,0.7511111111111111,9.582222222222223,8.68,166.91241569340258,145.03606265358343,0.125,0.0,0.08371622886003376,-0.08371622886003376
30,0.7466666666666667,0.7333333333333333,0.7333333333333333,0.6933333333333334,1.0,1.0,1.0,0.84,0.7466666666666667,0.7333333333333333,0.7333333333333333,0.6933333333333334,0.7420814479638009,0.732142857142857,0.7294372294372294,0.69245854876092,0.8,0.7288888888888889,9.36,7.964444444444444,165.25663686603022,128.26619749490456,0.0,-0.01333333333333342,0.09234145274567244,-0.06567478607900583
30,0.7466666666666667,0.7466666666666667,0.7333333333333333,0.6933333333333334,1.0,1.0,1.0,0.84,0.7466666666666667,0.7466666666666667,0.7333333333333333,0.6933333333333334,0.7437511238985794,0.7450348899624262,0.7294372294372294,0.69245854876092,0.7911111111111111,0.7555555555555555,10.155555555555555,8.657777777777778,168.9895039041675,152.29948326256803,0.16666666666666666,0.0,0.07381333194473372,-0.07381333194473372
30,0.6933333333333334,0.7466666666666667,0.7333333333333333,0.6933333333333334,1.0,1.0,1.0,0.84,0.6933333333333334,0.7466666666666667,0.7333333333333333,0.6933333333333334,0.689803992087754,0.7450348899624262,0.7294372294372294,0.69245854876092,0.7466666666666667,0.7333333333333333,9.302222222222222,8.262222222222222,171.48654196109533,141.9995600500798,1.5,0.053333333333333344,0.0216080736495044,-0.1282747403161711
30,0.76,0.7333333333333333,0.7466666666666667,0.6933333333333334,1.0,1.0,1.0,0.84,0.76,0.7333333333333333,0.7466666666666667,0.6933333333333334,0.7578909612625537,0.7309899569583931,0.7450348899624262,0.69245854876092,0.7644444444444445,0.7511111111111111,10.582222222222223,7.871111111111111,161.10706787225203,133.50042471196468,0.1,-0.026666666666666727,0.11932760541569584,-0.06599427208236255
30,0.7466666666666667,0.72,0.7466666666666667,0.6933333333333334,1.0,1.0,1.0,0.84,0.7466666666666667,0.72,0.7466666666666667,0.6933333333333334,0.7437511238985794,0.7192012836512748,0.7437511238985794,0.69245854876092,0.76,0.7733333333333333,9.262222222222222,8.444444444444445,196.23263486821878,149.62233014894045,0.16666666666666666,-0.026666666666666727,0.1007638728728925,-0.047430539539559155
30,0.7333333333333333,0.7333333333333333,0.7333333333333333,0.6933333333333334,1.0,1.0,1.0,0.84,0.7333333333333333,0.7333333333333333,0.7333333333333333,0.6933333333333334,0.7294372294372294,0.732142857142857,0.7294372294372294,0.69245854876092,0.7777777777777778,0.7511111111111111,9.506666666666666,8.675555555555556,161.13632853487886,147.36242728115693,0.125,0.0,0.08371622886003376,-0.08371622886003376
30,0.8,0.7333333333333333,0.72,0.6933333333333334,1.0,1.0,1.0,0.84,0.8000000000000002,0.7333333333333333,0.72,0.6933333333333334,0.7976982557094048,0.7309899569583931,0.7192012836512748,0.69245854876092,0.7733333333333333,0.7377777777777778,9.257777777777777,8.382222222222222,172.17932593047323,142.0133227372949,1.4545454545454546,-0.06666666666666676,0.16444457635195409,-0.031111243018620782
30,0.7333333333333333,0.7733333333333333,0.7466666666666667,0.6933333333333334,1.0,1.0,1.0,0.84,0.7333333333333333,0.7733333333333333,0.7466666666666667,0.6933333333333334,0.7309899569583931,0.7707246898039921,0.7437511238985794,0.69245854876092,0.7777777777777778,0.7555555555555555,10.306666666666667,8.817777777777778,172.91856172567145,146.9430627504582,0.5714285714285714,0.040000000000000036,0.03953243084183365,-0.11953243084183361
30,0.7066666666666667,0.7733333333333333,0.72,0.6933333333333334,1.0,1.0,1.0,0.84,0.7066666666666667,0.7733333333333333,0.72,0.6933333333333334,0.7053571428571429,0.7718733225979604,0.7167775579931668,0.69245854876092,0.7688888888888888,0.7822222222222223,9.577777777777778,9.04,160.13568564160195,125.2168890724952,1.7777777777777777,0.06666666666666665,0.022971985441008425,-0.15630531877434173
30,0.76,0.72,0.76,0.6933333333333334,1.0,1.0,1.0,0.84,0.76,0.72,0.76,0.6933333333333334,0.7578909612625537,0.7192012836512748,0.7547238372093024,0.69245854876092,0.7644444444444445,0.7911111111111111,9.573333333333334,8.506666666666666,176.28505917957145,125.82264048600781,0.8,-0.040000000000000036,0.108932983088027,-0.02893298308802704
30,0.7066666666666667,0.76,0.7733333333333333,0.6933333333333334,1.0,1.0,1.0,0.84,0.7066666666666667,0.76,0.7733333333333333,0.6933333333333334,0.7040889526542324,0.7589285714285714,0.7718733225979604,0.69245854876092,0.7377777777777778,0.7555555555555555,8.773333333333333,7.862222222222222,178.73778443115913,129.11303439911248,0.75,0.053333333333333344,0.04779634185699225,-0.15446300852365888
30,0.7866666666666666,0.7333333333333333,0.7466666666666667,0.6933333333333334,1.0,1.0,1.0,0.84,0.7866666666666666,0.7333333333333333,0.7466666666666667,0.6933333333333334,0.7847919655667145,0.732142857142857,0.7450348899624262,0.69245854876092,0.7688888888888888,0.7511111111111111,9.644444444444444,8.648888888888889,160.57994983489758,153.1937116068072,2.25,-0.053333333333333344,0.11677567371368475,-0.010109007047018115
30,0.7066666666666667,0.72,0.7466666666666667,0.6933333333333334,1.0,1.0,1.0,0.84,0.7066666666666667,0.72,0.7466666666666667,0.6933333333333334,0.7023809523809523,0.7192012836512748,0.7437511238985794,0.69245854876092,0.7022222222222222,0.7422222222222222,8.395555555555555,9.088888888888889,167.34261336378228,139.48649688207465,0.0,0.013333333333333308,0.0549804391511884,-0.08164710581785502
35,0.76,0.7866666666666666,0.8,0.7866666666666666,1.0,1.0,1.0,0.8577777777777778,0.76,0.7866666666666666,0.8000000000000002,0.7866666666666666,0.7596153846153846,0.786628733997155,0.7998576765700054,0.7847919655667145,0.8222222222222222,0.8044444444444444,11.022222222222222,9.586666666666666,141.02454696067696,133.46024608525192,0.125,0.026666666666666616,0.0572955403403268,-0.11062887367366009
35,0.8,0.8,0.7866666666666666,0.7866666666666666,1.0,1.0,1.0,0.8577777777777778,0.8000000000000002,0.8000000000000002,0.7866666666666666,0.7866666666666666,0.7994294883223392,0.7994294883223392,0.786628733997155,0.7847919655667145,0.8088888888888889,0.8044444444444444,11.386666666666667,10.022222222222222,143.31177562431145,125.19093987350975,0.16666666666666666,0.0,0.07381333194473372,-0.07381333194473372
35,0.76,0.7866666666666666,0.8133333333333334,0.7866666666666666,1.0,1.0,1.0,0.8577777777777778,0.76,0.7866666666666666,0.8133333333333334,0.7866666666666666,0.7599573257467994,0.786628733997155,0.8116929698708752,0.7847919655667145,0.8177777777777778,0.8311111111111111,11.426666666666666,11.12888888888889,157.9142085889576,135.58928584247028,0.25,0.026666666666666616,0.03574729064224237,-0.08908062397557572
35,0.7866666666666666,0.76,0.7333333333333333,0.7866666666666666,1.0,1.0,1.0,0.8577777777777778,0.7866666666666666,0.76,0.7333333333333333,0.7866666666666666,0.7847919655667145,0.7599573257467994,0.732905982905983,0.7847919655667145,0.7688888888888888,0.7822222222222223,10.768888888888888,9.95111111111111,183.70286490246872,156.1448954013525,0.125,-0.026666666666666616,0.11062887367366009,-0.0572955403403268
35,0.7466666666666667,0.7866666666666666,0.7466666666666667,0.7866666666666666,1.0,1.0,1.0,0.8577777777777778,0.7466666666666667,0.7866666666666666,0.7466666666666667,0.7866666666666666,0.7464863903220067,0.786628733997155,0.7459440185416295,0.7847919655667145,0.8044444444444444,0.7911111111111111,10.995555555555555,9.96,153.5559064194666,134.67904929721166,0.8,0.039999999999999925,0.02893298308802701,-0.10893298308802703
35,0.76,0.8,0.7866666666666666,0.7866666666666666,1.0,1.0,1.0,0.8577777777777778,0.76,0.8000000000000002,0.7866666666666666,0.7866666666666666,0.7596153846153846,0.7994294883223392,0.786628733997155,0.7847919655667145,0.7955555555555556,0.8222222222222222,11.502222222222223,10.617777777777778,157.3240963209397,127.08028005420796,0.5714285714285714,0.040000000000000036,0.03953243084183365,-0.11953243084183361
35,0.8,0.76,0.7866666666666666,0.7866666666666666,1.0,1.0,1.0,0.8577777777777778,0.8000000000000002,0.76,0.7866666666666666,0.7866666666666666,0.7998576765700054,0.7599573257467994,0.7863247863247864,0.7847919655667145,0.8,0.8044444444444444,10.751111111111111,10.706666666666667,154.72768095279724,143.0958464175251,0.4444444444444444,-0.040000000000000036,0.12872093596336354,-0.048720935963363576
35,0.7466666666666667,0.8,0.7733333333333333,0.7866666666666666,1.0,1.0,1.0,0.8577777777777778,0.7466666666666667,0.8000000000000002,0.7733333333333333,0.7866666666666666,0.7466666666666666,0.7987117552334944,0.7726867534319843,0.7847919655667145,0.8044444444444444,0.8133333333333334,10.786666666666667,10.435555555555556,155.49447157024747,139.28213321511942,1.125,0.053333333333333344,0.0313619610844465,-0.1380286277511132
35,0.7866666666666666,0.7866666666666666,0.8133333333333334,0.7866666666666666,1.0,1.0,1.0,0.8577777777777778,0.7866666666666666,0.7866666666666666,0.8133333333333334,0.7866666666666666,0.7863247863247864,0.7857142857142858,0.8125,0.7847919655667145,0.7955555555555556,0.7911111111111111,10.6,10.382222222222222,159.69626602121878,136.73751413173892,0.1,0.0,0.09244085618573362,-0.09244085618573362
35,0.76,0.8,0.8,0.7866666666666666,1.0,1.0,1.0,0.8577777777777778,0.76,0.8000000000000002,0.8000000000000002,0.7866666666666666,0.7589285714285714,0.7998576765700054,0.7987117552334944,0.7847919655667145,0.8222222222222222,0.7866666666666666,11.742222222222223,10.293333333333333,171.74652646154476,135.668861441523,0.4444444444444444,0.040000000000000036,0.048720935963363576,-0.12872093596336354
35,0.7866666666666666,0.7466666666666667,0.7866666666666666,0.7866666666666666,1.0,1.0,1.0,0.8577777777777778,0.7866666666666666,0.7466666666666667,0.7866666666666666,0.7866666666666666,0.7857142857142858,0.7466666666666666,0.7857142857142858,0.7847919655667145,0.8044444444444444,0.8,10.71111111111111,9.702222222222222,157.30444542682454,124.15422787347177,0.5714285714285714,-0.039999999999999925,0.11953243084183364,-0.039532430841833624
35,0.8,0.8133333333333334,0.8266666666666667,0.7866666666666666,1.0,1.0,1.0,0.8577777777777778,0.8000000000000002,0.8133333333333334,0.8266666666666667,0.7866666666666666,0.7994294883223392,0.813034188034188,0.8246718216148174,0.7847919655667145,0.8133333333333334,0.7911111111111111,10.964444444444444,9.555555555555555,153.6471333181874,128.50744956048257,0.0,0.013333333333333308,0.0656747860790058,-0.09234145274567247
35,0.7866666666666666,0.76,0.8,0.7866666666666666,1.0,1.0,1.0,0.8577777777777778,0.7866666666666666,0.76,0.8000000000000002,0.7866666666666666,0.7857142857142858,0.7599573257467994,0.7987117552334944,0.7847919655667145,0.7822222222222223,0.8266666666666667,10.84,9.751111111111111,172.45561348718817,128.22030804475136,0.16666666666666666,-0.026666666666666616,0.1007638728728925,-0.047430539539559155
35,0.7866666666666666,0.7733333333333333,0.7466666666666667,0.7866666666666666,1.0,1.0,1.0,0.8577777777777778,0.7866666666666666,0.7733333333333333,0.7466666666666667,0.7866666666666666,0.786628733997155,0.7726867534319843,0.7464863903220067,0.7847919655667145,0.7955555555555556,0.8044444444444444,11.12888888888889,10.155555555555555,154.12765329542842,126.04341307594711,0.0,-0.013333333333333308,0.09234145274567247,-0.0656747860790058
35,0.76,0.8,0.7733333333333333,0.7866666666666666,1.0,1.0,1.0,0.8577777777777778,0.76,0.8000000000000002,0.7733333333333333,0.7866666666666666,0.7578909612625537,0.7998576765700054,0.7726867534319843,0.7847919655667145,0.8222222222222222,0.7822222222222223,11.311111111111112,9.306666666666667,138.7714174467765,141.76006143474117,0.4444444444444444,0.040000000000000036,0.048720935963363576,-0.12872093596336354
35,0.7866666666666666,0.7866666666666666,0.7866666666666666,0.7866666666666666,1.0,1.0,1.0,0.8577777777777778,0.7866666666666666,0.7866666666666666,0.7866666666666666,0.7866666666666666,0.786628733997155,0.786628733997155,0.7857142857142858,0.7847919655667145,0.8088888888888889,0.7866666666666666,11.493333333333334,9.64,176.76587324054714,131.47529178898995,0.5,0.0,0.04675811443001689,-0.04675811443001689
35,0.8266666666666667,0.8266666666666667,0.8,0.7866666666666666,1.0,1.0,1.0,0.8577777777777778,0.8266666666666667,0.8266666666666667,0.8000000000000002,0.7866666666666666,0.8246718216148174,0.8265433196940046,0.7998576765700054,0.7847919655667145,0.8,0.8044444444444444,11.444444444444445,9.76,161.74361519560767,126.66397979887871,0.1,0.0,0.09244085618573362,-0.09244085618573362
35,0.7733333333333333,0.8133333333333334,0.76,0.7866666666666666,1.0,1.0,1.0,0.8577777777777778,0.7733333333333333,0.8133333333333334,0.76,0.7866666666666666,0.7731720334460059,0.813034188034188,0.7596153846153846,0.7847919655667145,0.7822222222222223,0.7911111111111111,10.737777777777778,10.071111111111112,153.43548349281315,139.23384378119056,0.8,0.040000000000000036,0.02893298308802701,-0.10893298308802703
35,0.76,0.7733333333333333,0.7866666666666666,0.7866666666666666,1.0,1.0,1.0,0.8577777777777778,0.76,0.7733333333333333,0.7866666666666666,0.7866666666666666,0.7599573257467994,0.7733333333333332,0.7847919655667145,0.7847919655667145,0.8044444444444444,0.8133333333333334,11.497777777777777,10.497777777777777,164.16428644093583,127.80367634189379,0.0,0.013333333333333308,0.08319364192256407,-0.10986030858923068
35,0.7866666666666666,0.8,0.76,0.7866666666666666,1.0,1.0,1.0,0.8577777777777778,0.7866666666666666,0.8000000000000002,0.76,0.7866666666666666,0.7857142857142858,0.7994294883223392,0.7596153846153846,0.7847919655667145,0.7955555555555556,0.8133333333333334,10.88,10.177777777777777,154.1384719265831,138.28940591977099,0.0,0.01333333333333342,0.0656747860790058,-0.09234145274567247
35,0.8133333333333334,0.7733333333333333,0.8,0.7866666666666666,1.0,1.0,1.0,0.8577777777777778,0.8133333333333334,0.7733333333333333,0.8000000000000002,0.7866666666666666,0.813034188034188,0.7718733225979604,0.8,0.7847919655667145,0.8,0.8133333333333334,10.822222222222223,10.28,158.33738795263434,128.47244575042356,0.36363636363636365,-0.040000000000000036,0.1369459485894528,-0.0569459485894528
35,0.7866666666666666,0.8133333333333334,0.8266666666666667,0.7866666666666666,1.0,1.0,1.0,0.8577777777777778,0.7866666666666666,0.8133333333333334,0.8266666666666667,0.7866666666666666,0.7857142857142858,0.813034188034188,0.8255501878690283,0.7847919655667145,0.7688888888888888,0.8,10.742222222222223,10.04,173.1795997280027,136.99671737155535,0.16666666666666666,0.026666666666666727,0.047430539539559155,-0.1007638728728925
35,0.7733333333333333,0.7866666666666666,0.76,0.7866666666666666,1.0,1.0,1.0,0.8577777777777778,0.7733333333333333,0.7866666666666666,0.76,0.7866666666666666,0.7731720334460059,0.7857142857142858,0.7599573257467994,0.7847919655667145,0.7866666666666666,0.8311111111111111,10.782222222222222,9.688888888888888,172.02227162847691,133.21450696647645,0.0,0.013333333333333308,0.0656747860790058,-0.09234145274567247
35,0.76,0.8,0.7333333333333333,0.7866666666666666,1.0,1.0,1.0,0.8577777777777778,0.76,0.8000000000000002,0.7333333333333333,0.7866666666666666,0.7599573257467994,0.7998576765700054,0.7332859174964438,0.7847919655667145,0.8,0.8044444444444444,11.493333333333334,10.511111111111111,164.17332458846553,136.5800532359226,0.5714285714285714,0.040000000000000036,0.03953243084183365,-0.11953243084183361
35,0.8133333333333334,0.8266666666666667,0.7733333333333333,0.7866666666666666,1.0,1.0,1.0,0.8577777777777778,0.8133333333333334,0.8266666666666667,0.7733333333333333,0.7866666666666666,0.813034188034188,0.8255501878690283,0.7726867534319843,0.7847919655667145,0.8266666666666667,0.7644444444444445,11.351111111111111,9.622222222222222,148.82355927813856,146.97847556425293,0.0,0.013333333333333308,0.05498043915118837,-0.08164710581785505
35,0.8,0.76,0.7866666666666666,0.7866666666666666,1.0,1.0,1.0,0.8577777777777778,0.8000000000000002,0.76,0.7866666666666666,0.7866666666666666,0.7994294883223392,0.7596153846153846,0.7857142857142858,0.7847919655667145,0.7955555555555556,0.8044444444444444,10.857777777777779,9.688888888888888,155.90798046433468,131.37232610179106,0.5714285714285714,-0.040000000000000036,0.11953243084183361,-0.03953243084183365
35,0.7866666666666666,0.7466666666666667,0.7866666666666666,0.7866666666666666,1.0,1.0,1.0,0.8577777777777778,0.7866666666666666,0.7466666666666667,0.7866666666666666,0.7866666666666666,0.7863247863247864,0.7464863903220067,0.7847919655667145,0.7847919655667145,0.8355555555555556,0.8088888888888889,11.19111111111111,10.328888888888889,145.01919607462904,164.29487571371413,0.3076923076923077,-0.039999999999999925,0.14445895931066316,-0.06445895931066307
35,0.7733333333333333,0.7733333333333333,0.7733333333333333,0.7866666666666666,1.0,1.0,1.0,0.8577777777777778,0.7733333333333333,0.7733333333333333,0.7733333333333333,0.7866666666666666,0.7726867534319843,0.7718733225979604,0.7726867534319843,0.7847919655667145,0.8088888888888889,0.8,11.062222222222223,9.937777777777777,142.3770668366927,125.05553834055304,0.1,0.0,0.09244085618573362,-0.09244085618573362
35,0.7733333333333333,0.8,0.7866666666666666,0.7866666666666666,1.0,1.0,1.0,0.8577777777777778,0.7733333333333333,0.8000000000000002,0.7866666666666666,0.7866666666666666,0.7733333333333332,0.7998576765700054,0.786628733997155,0.7847919655667145,0.8311111111111111,0.7822222222222223,11.324444444444444,9.684444444444445,160.52483389038576,132.90224693582843,0.125,0.026666666666666727,0.05729554034032677,-0.11062887367366012
35,0.76,0.7333333333333333,0.8133333333333334,0.7866666666666666,1.0,1.0,1.0,0.8577777777777778,0.76,0.7333333333333333,0.8133333333333334,0.7866666666666666,0.7589285714285714,0.732905982905983,0.8133001422475108,0.7847919655667145,0.7777777777777778,0.8088888888888889,10.448888888888888,10.27111111111111,151.78032865506415,121.80548115254979,0.07142857142857142,-0.026666666666666727,0.13443472071907098,-0.08110138738573765
35,0.76,0.7733333333333333,0.8133333333333334,0.7866666666666666,1.0,1.0,1.0,0.8577777777777778,0.76,0.7733333333333333,0.8133333333333334,0.7866666666666666,0.7599573257467994,0.7726867534319843,0.8125,0.7847919655667145,0.7822222222222223,0.7822222222222223,11.302222222222222,9.764444444444445,169.02535862262957,143.43422886394657,0.0,0.013333333333333308,0.05498043915118837,-0.08164710581785505
35,0.76,0.7866666666666666,0.8,0.7866666666666666,1.0,1.0,1.0,0.8577777777777778,0.76,0.7866666666666666,0.8000000000000002,0.7866666666666666,0.7599573257467994,0.7863247863247864,0.7987117552334944,0.7847919655667145,0.8088888888888889,0.8133333333333334,11.04,9.995555555555555,152.14509574664532,129.89207977893918,0.25,0.026666666666666616,0.03574729064224237,-0.08908062397557572
35,0.7866666666666666,0.7466666666666667,0.7733333333333333,0.7866666666666666,1.0,1.0,1.0,0.8577777777777778,0.7866666666666666,0.7466666666666667,0.7733333333333333,0.7866666666666666,0.7857142857142858,0.7464863903220067,0.7731720334460059,0.7847919655667145,0.8044444444444444,0.7955555555555556,10.902222222222223,9.275555555555556,143.63026259044537,144.7106116369415,0.4444444444444444,-0.039999999999999925,0.12872093596336356,-0.04872093596336355
35,0.8,0.7733333333333333,0.7866666666666666,0.7866666666666666,1.0,1.0,1.0,0.8577777777777778,0.8000000000000002,0.7733333333333333,0.7866666666666666,0.7866666666666666,0.7998576765700054,0.7733333333333332,0.7857142857142858,0.7847919655667145,0.7955555555555556,0.7644444444444445,10.457777777777778,9.502222222222223,151.92182923014718,139.73170884890632,0.25,-0.026666666666666727,0.08908062397557572,-0.03574729064224237
35,0.7733333333333333,0.76,0.7333333333333333,0.7866666666666666,1.0,1.0,1.0,0.8577777777777778,0.7733333333333333,0.76,0.7333333333333333,0.7866666666666666,0.7718733225979604,0.7596153846153846,0.732905982905983,0.7847919655667145,0.8133333333333334,0.7777777777777778,10.87111111111111,10.022222222222222,163.3281279346916,125.27603301030015,0.0,-0.013333333333333308,0.10159138591440885,-0.07492471924774223
35,0.76,0.7466666666666667,0.7866666666666666,0.7866666666666666,1.0,1.0,1.0,0.8577777777777778,0.76,0.7466666666666667,0.7866666666666666,0.7866666666666666,0.7589285714285714,0.7464863903220067,0.7863247863247864,0.7847919655667145,0.8088888888888889,0.8222222222222222,11.315555555555555,10.773333333333333,149.59326766954,147.0203936360098,0.0,-0.013333333333333308,0.10159138591440887,-0.0749247192477422
35,0.7733333333333333,0.7866666666666666,0.8,0.7866666666666666,1.0,1.0,1.0,0.8577777777777778,0.7733333333333333,0.7866666666666666,0.8000000000000002,0.7866666666666666,0.7731720334460059,0.786628733997155,0.7987117552334944,0.7847919655667145,0.7777777777777778,0.7911111111111111,10.92,9.88888888888889,170.86035961837524,129.3560983405813,0.0,0.013333333333333308,0.0656747860790058,-0.09234145274567247
35,0.7866666666666666,0.84,0.8,0.7866666666666666,1.0,1.0,1.0,0.8577777777777778,0.7866666666666666,0.8399999999999999,0.8000000000000002,0.7866666666666666,0.7863247863247864,0.8397435897435896,0.7998576765700054,0.7847919655667145,0.8133333333333334,0.76,11.671111111111111,8.946666666666667,181.98100862678254,114.46899113290043,0.75,0.053333333333333344,0.04779634185699222,-0.1544630085236589
35,0.76,0.7866666666666666,0.7733333333333333,0.7866666666666666,1.0,1.0,1.0,0.8577777777777778,0.76,0.7866666666666666,0.7733333333333333,0.7866666666666666,0.7596153846153846,0.7857142857142858,0.7731720334460059,0.7847919655667145,0.8222222222222222,0.8177777777777778,11.568888888888889,9.417777777777777,155.77044244176537,121.57592164680713,0.16666666666666666,0.026666666666666616,0.047430539539559155,-0.1007638728728925
35,0.7733333333333333,0.7333333333333333,0.7866666666666666,0.7866666666666666,1.0,1.0,1.0,0.8577777777777778,0.7733333333333333,0.7333333333333333,0.7866666666666666,0.7866666666666666,0.7726867534319843,0.7332859174964438,0.7863247863247864,0.7847919655667145,0.8222222222222222,0.8044444444444444,11.573333333333334,10.422222222222222,158.41974581952343,130.44432579066824,0.8,-0.040000000000000036,0.108932983088027,-0.02893298308802704
35,0.76,0.7866666666666666,0.8,0.7866666666666666,1.0,1.0,1.0,0.8577777777777778,0.76,0.7866666666666666,0.8000000000000002,0.7866666666666666,0.7589285714285714,0.7863247863247864,0.7987117552334944,0.7847919655667145,0.7911111111111111,0.8355555555555556,10.995555555555555,10.36,151.24177646764036,129.44701900920046,0.1,0.026666666666666616,0.06599427208236255,-0.11932760541569584
35,0.8133333333333334,0.7733333333333333,0.84,0.7866666666666666,1.0,1.0,1.0,0.8577777777777778,0.8133333333333334,0.7733333333333333,0.8399999999999999,0.7866666666666666,0.8125,0.7731720334460059,0.8392857142857142,0.7847919655667145,0.7955555555555556,0.8,11.168888888888889,10.195555555555556,149.71015523536752,144.44806357196194,0.4444444444444444,-0.040000000000000036,0.12872093596336356,-0.04872093596336355
35,0.7466666666666667,0.8266666666666667,0.7733333333333333,0.7866666666666666,1.0,1.0,1.0,0.8577777777777778,0.7466666666666667,0.8266666666666667,0.7733333333333333,0.7866666666666666,0.7464863903220067,0.8261722232126938,0.7731720334460059,0.7847919655667145,0.7822222222222223,0.7911111111111111,10.746666666666666,9.608888888888888,158.23386083760607,124.46181916165551,3.125,0.07999999999999996,0.005901415375945657,-0.1659014153759457
35,0.7466666666666667,0.7466666666666667,0.7733333333333333,0.7866666666666666,1.0,1.0,1.0,0.8577777777777778,0.7466666666666667,0.7466666666666667,0.7733333333333333,0.7866666666666666,0.7437511238985794,0.7466666666666666,0.7733333333333332,0.7847919655667145,0.8,0.7822222222222223,10.795555555555556,9.217777777777778,144.48689928821022,126.44213622593936,0.1,0.0,0.09244085618573362,-0.09244085618573362
35,0.7733333333333333,0.7333333333333333,0.76,0.7866666666666666,1.0,1.0,1.0,0.8577777777777778,0.7733333333333333,0.7333333333333333,0.76,0.7866666666666666,0.7731720334460059,0.732905982905983,0.7596153846153846,0.7847919655667145,0.8133333333333334,0.7955555555555556,11.275555555555556,10.582222222222223,160.89371911129146,140.390362400112,0.36363636363636365,-0.040000000000000036,0.1369459485894528,-0.05694594858945283
35,0.8266666666666667,0.7733333333333333,0.7733333333333333,0.7866666666666666,1.0,1.0,1.0,0.8577777777777778,0.8266666666666667,0.7733333333333333,0.7733333333333333,0.7866666666666666,0.8261722232126938,0.7718733225979604,0.7731720334460059,0.7847919655667145,0.8044444444444444,0.8044444444444444,11.844444444444445,10.151111111111112,156.86857152190578,136.64916701310003,0.9,-0.053333333333333344,0.14665104012745067,-0.03998437346078397
35,0.76,0.8,0.8,0.7866666666666666,1.0,1.0,1.0,0.8577777777777778,0.76,0.8000000000000002,0.8000000000000002,0.7866666666666666,0.7596153846153846,0.7987117552334944,0.7987117552334944,0.7847919655667145,0.7822222222222223,0.7955555555555556,11.133333333333333,10.231111111111112,169.37080792370432,128.71206176536694,0.4444444444444444,0.040000000000000036,0.048720935963363576,-0.12872093596336354
35,0.8133333333333334,0.7466666666666667,0.8133333333333334,0.7866666666666666,1.0,1.0,1.0,0.8577777777777778,0.8133333333333334,0.7466666666666667,0.8133333333333334,0.7866666666666666,0.813034188034188,0.7464863903220067,0.813034188034188,0.7847919655667145,0.8088888888888889,0.8088888888888889,10.395555555555555,10.177777777777777,151.6587611379824,127.46842678767369,3.2,-0.06666666666666665,0.13681901480595554,-0.0034856814726221957
35,0.7333333333333333,0.8266666666666667,0.76,0.7866666666666666,1.0,1.0,1.0,0.8577777777777778,0.7333333333333333,0.8266666666666667,0.76,0.7866666666666666,0.732905982905983,0.8255501878690283,0.7599573257467994,0.7847919655667145,0.8133333333333334,0.7777777777777778,11.062222222222223,9.733333333333333,158.8486702680681,138.26579623887886,4.0,0.09333333333333338,-0.002337553110923221,-0.18432911355574344
35,0.7866666666666666,0.7733333333333333,0.7866666666666666,0.7866666666666666,1.0,1.0,1.0,0.8577777777777778,0.7866666666666666,0.7733333333333333,0.7866666666666666,0.7866666666666666,0.7863247863247864,0.7731720334460059,0.7857142857142858,0.7847919655667145,0.8311111111111111,0.7822222222222223,11.444444444444445,9.48,151.0137571716666,134.89306733926492,0.0,-0.013333333333333308,0.10159138591440887,-0.0749247192477422
40,0.76,0.76,0.7866666666666666,0.7866666666666666,1.0,1.0,1.0,0.8577777777777778,0.76,0.76,0.7866666666666666,0.7866666666666666,0.7596153846153846,0.7599573257467994,0.786628733997155,0.7835497835497836,0.7955555555555556,0.8222222222222222,10.84,10.013333333333334,152.44967337736145,115.74444290197772,0.16666666666666666,0.0,0.07381333194473372,-0.07381333194473372
40,0.8,0.76,0.7866666666666666,0.7866666666666666,1.0,1.0,1.0,0.8577777777777778,0.8000000000000002,0.76,0.7866666666666666,0.7866666666666666,0.7998576765700054,0.7599573257467994,0.786628733997155,0.7835497835497836,0.8088888888888889,0.8044444444444444,10.848888888888888,10.12888888888889,148.01901734985012,130.61941679665856,0.5714285714285714,-0.040000000000000036,0.11953243084183361,-0.03953243084183365
40,0.8,0.8,0.8133333333333334,0.7866666666666666,1.0,1.0,1.0,0.8577777777777778,0.8000000000000002,0.8000000000000002,0.8133333333333334,0.7866666666666666,0.7998576765700054,0.8,0.813034188034188,0.7835497835497836,0.7733333333333333,0.7911111111111111,10.657777777777778,10.182222222222222,178.78353751881033,127.80605224146963,0.25,0.0,0.06206666666666667,-0.06206666666666667
40,0.8133333333333334,0.8266666666666667,0.8133333333333334,0.7866666666666666,1.0,1.0,1.0,0.8577777777777778,0.8133333333333334,0.8266666666666667,0.8133333333333334,0.7866666666666666,0.8133001422475108,0.8261722232126938,0.8133001422475108,0.7835497835497836,0.7955555555555556,0.8177777777777778,10.604444444444445,9.657777777777778,160.10645067726352,131.48421041528877,0.0,0.013333333333333308,0.05498043915118837,-0.08164710581785505
40,0.76,0.8,0.8266666666666667,0.7866666666666666,1.0,1.0,1.0,0.8577777777777778,0.76,0.8000000000000002,0.8266666666666667,0.7866666666666666,0.7589285714285714,0.8,0.8265433196940046,0.7835497835497836,0.8222222222222222,0.7866666666666666,11.733333333333333,9.826666666666666,153.1034070224383,140.47078697487854,0.3076923076923077,0.040000000000000036,0.06445895931066313,-0.1444589593106631
40,0.8,0.8,0.76,0.7866666666666666,1.0,1.0,1.0,0.8577777777777778,0.8000000000000002,0.8000000000000002,0.76,0.7866666666666666,0.7994294883223392,0.7998576765700054,0.7599573257467994,0.7835497835497836,0.8311111111111111,0.7955555555555556,11.635555555555555,9.36,155.18774317360635,129.50315539910076,0.125,0.0,0.08371622886003376,-0.08371622886003376
40,0.8,0.7733333333333333,0.8266666666666667,0.7866666666666666,1.0,1.0,1.0,0.8577777777777778,0.8000000000000002,0.7733333333333333,0.8266666666666667,0.7866666666666666,0.7994294883223392,0.7718733225979604,0.8265433196940046,0.7835497835497836,0.8266666666666667,0.84,11.777777777777779,10.982222222222223,157.505397896485,132.7502709133143,0.1,-0.026666666666666727,0.11932760541569587,-0.06599427208236253
40,0.8,0.8,0.7866666666666666,0.7866666666666666,1.0,1.0,1.0,0.8577777777777778,0.8000000000000002,0.8000000000000002,0.7866666666666666,0.7866666666666666,0.7994294883223392,0.7994294883223392,0.786628733997155,0.7835497835497836,0.8266666666666667,0.8311111111111111,11.293333333333333,10.186666666666667,153.34767986836724,114.10917279301276,0.16666666666666666,0.0,0.07381333194473372,-0.07381333194473372
40,0.8266666666666667,0.8133333333333334,0.88,0.7866666666666666,1.0,1.0,1.0,0.8577777777777778,0.8266666666666667,0.8133333333333334,0.88,0.7866666666666666,0.8265433196940046,0.8125,0.8792270531400967,0.7835497835497836,0.7866666666666666,0.8222222222222222,10.622222222222222,10.737777777777778,155.72313403334098,136.1281637862019,0.0,-0.013333333333333308,0.09234145274567247,-0.0656747860790058
40,0.7733333333333333,0.8133333333333334,0.7866666666666666,0.7866666666666666,1.0,1.0,1.0,0.8577777777777778,0.7733333333333333,0.8133333333333334,0.7866666666666666,0.7866666666666666,0.7733333333333332,0.8133001422475108,0.7857142857142858,0.7835497835497836,0.76,0.8,10.222222222222221,10.355555555555556,149.85355687096484,128.31799991678156,0.8,0.040000000000000036,0.02893298308802701,-0.10893298308802703
40,0.8266666666666667,0.8133333333333334,0.7866666666666666,0.7866666666666666,1.0,1.0,1.0,0.8577777777777778,0.8266666666666667,0.8133333333333334,0.7866666666666666,0.7866666666666666,0.8255501878690283,0.813034188034188,0.786628733997155,0.7835497835497836,0.7866666666666666,0.7911111111111111,10.88,9.8,159.59277311333662,137.6010928180565,0.0,-0.013333333333333308,0.09234145274567247,-0.0656747860790058
40,0.7733333333333333,0.76,0.8266666666666667,0.7866666666666666,1.0,1.0,1.0,0.8577777777777778,0.7733333333333333,0.76,0.8266666666666667,0.7866666666666666,0.7733333333333332,0.7599573257467994,0.8261722232126938,0.7835497835497836,0.7866666666666666,0.8133333333333334,10.831111111111111,10.471111111111112,155.17670408996045,123.85796285674968,0.0,-0.013333333333333308,0.06849807016876697,-0.04183140350210029
40,0.7866666666666666,0.8266666666666667,0.76,0.7866666666666666,1.0,1.0,1.0,0.8577777777777778,0.7866666666666666,0.8266666666666667,0.76,0.7866666666666666,0.7863247863247864,0.8265433196940046,0.7589285714285714,0.7835497835497836,0.8044444444444444,0.76,10.817777777777778,9.506666666666666,150.79185600273118,140.01219427568984,0.5714285714285714,0.040000000000000036,0.03953243084183365,-0.11953243084183361
40,0.8133333333333334,0.76,0.76,0.7866666666666666,1.0,1.0,1.0,0.8577777777777778,0.8133333333333334,0.76,0.76,0.7866666666666666,0.813034188034188,0.7596153846153846,0.7599573257467994,0.7835497835497836,0.8177777777777778,0.8,11.311111111111112,9.506666666666666,143.46159815288274,122.67741807732958,0.9,-0.053333333333333344,0.14665104012745062,-0.039984373460784
40,0.8133333333333334,0.76,0.7733333333333333,0.7866666666666666,1.0,1.0,1.0,0.8577777777777778,0.8133333333333334,0.76,0.7733333333333333,0.7866666666666666,0.8125,0.7599573257467994,0.7726867534319843,0.7835497835497836,0.8177777777777778,0.8088888888888889,11.28888888888889,9.804444444444444,164.10903949724585,113.94776936696121,0.9,-0.053333333333333344,0.14665104012745062,-0.039984373460784
40,0.8266666666666667,0.8,0.8266666666666667,0.7866666666666666,1.0,1.0,1.0,0.8577777777777778,0.8266666666666667,0.8000000000000002,0.8266666666666667,0.7866666666666666,0.8265433196940046,0.7976982557094048,0.8265433196940046,0.7835497835497836,0.7777777777777778,0.8266666666666667,11.222222222222221,10.422222222222222,166.96695914626576,115.05225410055662,0.1,-0.026666666666666616,0.11932760541569587,-0.06599427208236253
40,0.7733333333333333,0.76,0.8266666666666667,0.7866666666666666,1.0,1.0,1.0,0.8577777777777778,0.7733333333333333,0.76,0.8266666666666667,0.7866666666666666,0.7733333333333332,0.7596153846153846,0.8261722232126938,0.7835497835497836,0.8044444444444444,0.7733333333333333,10.342222222222222,9.053333333333333,134.73757309318083,124.8105383597916,0.0,-0.013333333333333308,0.08164710581785505,-0.05498043915118837
40,0.8133333333333334,0.8,0.7866666666666666,0.7866666666666666,1.0,1.0,1.0,0.8577777777777778,0.8133333333333334,0.8000000000000002,0.7866666666666666,0.7866666666666666,0.8133001422475108,0.8,0.7863247863247864,0.7835497835497836,0.8044444444444444,0.8133333333333334,11.417777777777777,10.071111111111112,157.73720223494948,126.43367546002898,0.0,-0.013333333333333308,0.08164710581785505,-0.05498043915118837
40,0.7733333333333333,0.8,0.8133333333333334,0.7866666666666666,1.0,1.0,1.0,0.8577777777777778,0.7733333333333333,0.8000000000000002,0.8133333333333334,0.7866666666666666,0.7731720334460059,0.7987117552334944,0.813034188034188,0.7835497835497836,0.8,0.8,10.462222222222222,10.693333333333333,166.98602607262512,130.1553718554527,0.0625,0.026666666666666727,0.08784074394517605,-0.1411740772785094
40,0.76,0.7733333333333333,0.7866666666666666,0.7866666666666666,1.0,1.0,1.0,0.8577777777777778,0.76,0.7733333333333333,0.7866666666666666,0.7866666666666666,0.7599573257467994,0.7733333333333332,0.786628733997155,0.7835497835497836,0.7733333333333333,0.7955555555555556,10.662222222222223,9.4,165.27559142504103,117.07588029225646,0.0,0.013333333333333308,0.04183140350210029,-0.06849807016876697
40,0.7733333333333333,0.8,0.8,0.7866666666666666,1.0,1.0,1.0,0.8577777777777778,0.7733333333333333,0.8000000000000002,0.8000000000000002,0.7866666666666666,0.7731720334460059,0.7998576765700054,0.7994294883223392,0.7835497835497836,0.8311111111111111,0.8133333333333334,12.124444444444444,11.026666666666667,149.74140532350893,126.63849677071,0.16666666666666666,0.026666666666666727,0.047430539539559155,-0.1007638728728925
40,0.84,0.7466666666666667,0.84,0.7866666666666666,1.0,1.0,1.0,0.8577777777777778,0.8399999999999999,0.7466666666666667,0.8399999999999999,0.7866666666666666,0.8392857142857142,0.7464863903220067,0.8397435897435896,0.7835497835497836,0.7955555555555556,0.8222222222222222,10.80888888888889,10.311111111111112,146.59362833599383,112.22254866037977,3.272727272727273,-0.09333333333333327,0.19234463838010496,-0.005677971713438354
40,0.8,0.8133333333333334,0.84,0.7866666666666666,1.0,1.0,1.0,0.8577777777777778,0.8000000000000002,0.8133333333333334,0.8399999999999999,0.7866666666666666,0.8,0.813034188034188,0.8397435897435896,0.7835497835497836,0.8177777777777778,0.8177777777777778,11.084444444444445,10.293333333333333,156.8050388467859,134.3323558684001,0.0,0.013333333333333308,0.0656747860790058,-0.09234145274567247
40,0.8133333333333334,0.7866666666666666,0.76,0.7866666666666666,1.0,1.0,1.0,0.8577777777777778,0.8133333333333334,0.7866666666666666,0.76,0.7866666666666666,0.8133001422475108,0.786628733997155,0.7596153846153846,0.7835497835497836,0.8044444444444444,0.7777777777777778,11.022222222222222,10.488888888888889,154.03193005201567,128.99002722485722,0.25,-0.026666666666666727,0.08908062397557572,-0.03574729064224237
40,0.7466666666666667,0.7066666666666667,0.76,0.7866666666666666,1.0,1.0,1.0,0.8577777777777778,0.7466666666666667,0.7066666666666667,0.76,0.7866666666666666,0.7450348899624262,0.7066145092460882,0.7599573257467994,0.7835497835497836,0.8355555555555556,0.8311111111111111,10.92,9.52,128.0397499605092,122.3297832585887,0.3076923076923077,-0.040000000000000036,0.1444589593106631,-0.06445895931066313
40,0.7733333333333333,0.8266666666666667,0.84,0.7866666666666666,1.0,1.0,1.0,0.8577777777777778,0.7733333333333333,0.8266666666666667,0.8399999999999999,0.7866666666666666,0.7726867534319843,0.8265433196940046,0.8392857142857142,0.7835497835497836,0.7866666666666666,0.8266666666666667,10.413333333333334,10.28888888888889,168.14897188295168,117.73325950289038,0.9,0.053333333333333344,0.03998437346078397,-0.14665104012745067
40,0.7733333333333333,0.8133333333333334,0.8133333333333334,0.7866666666666666,1.0,1.0,1.0,0.8577777777777778,0.7733333333333333,0.8133333333333334,0.8133333333333334,0.7866666666666666,0.7731720334460059,0.8133001422475108,0.8106060606060607,0.7835497835497836,0.8311111111111111,0.84,11.573333333333334,10.457777777777778,145.02214702365745,130.09412704275195,0.5714285714285714,0.040000000000000036,0.039532430841833624,-0.11953243084183364
40,0.8133333333333334,0.8133333333333334,0.76,0.7866666666666666,1.0,1.0,1.0,0.8577777777777778,0.8133333333333334,0.8133333333333334,0.76,0.7866666666666666,0.813034188034188,0.8133001422475108,0.7589285714285714,0.7835497835497836,0.8177777777777778,0.84,11.72,10.817777777777778,146.7041189770513,133.1882176947923,0.125,0.0,0.08371622886003376,-0.08371622886003376
40,0.7733333333333333,0.7866666666666666,0.8133333333333334,0.7866666666666666,1.0,1.0,1.0,0.8577777777777778,0.7733333333333333,0.7866666666666666,0.8133333333333334,0.7866666666666666,0.7731720334460059,0.786628733997155,0.8125,0.7835497835497836,0.8088888888888889,0.8177777777777778,11.635555555555555,10.32,163.9279863254119,119.22676813577205,0.0,0.013333333333333308,0.0749247192477422,-0.10159138591440887
40,0.7733333333333333,0.8133333333333334,0.8133333333333334,0.7866666666666666,1.0,1.0,1.0,0.8577777777777778,0.7733333333333333,0.8133333333333334,0.8133333333333334,0.7866666666666666,0.7731720334460059,0.8133001422475108,0.813034188034188,0.7835497835497836,0.7955555555555556,0.8088888888888889,10.982222222222223,9.893333333333333,150.37986515672986,117.9489719361604,0.4444444444444444,0.040000000000000036,0.04872093596336355,-0.12872093596336356
40,0.7866666666666666,0.84,0.8,0.7866666666666666,1.0,1.0,1.0,0.8577777777777778,0.7866666666666666,0.8399999999999999,0.8000000000000002,0.7866666666666666,0.786628733997155,0.8397435897435896,0.7994294883223392,0.7835497835497836,0.7911111111111111,0.8,11.12,9.866666666666667,176.44614411111704,112.84406690092227,0.75,0.053333333333333344,0.04779634185699222,-0.1544630085236589
40,0.76,0.7866666666666666,0.8,0.7866666666666666,1.0,1.0,1.0,0.8577777777777778,0.76,0.7866666666666666,0.8000000000000002,0.7866666666666666,0.7599573257467994,0.7863247863247864,0.7994294883223392,0.7835497835497836,0.8,0.8044444444444444,12.0,10.226666666666667,149.08920041131537,117.77678437624361,0.16666666666666666,0.026666666666666616,0.047430539539559155,-0.1007638728728925
40,0.7866666666666666,0.7733333333333333,0.7866666666666666,0.7866666666666666,1.0,1.0,1.0,0.8577777777777778,0.7866666666666666,0.7733333333333333,0.7866666666666666,0.7866666666666666,0.786628733997155,0.7726867534319843,0.7863247863247864,0.7835497835497836,0.8044444444444444,0.8044444444444444,11.582222222222223,10.075555555555555,158.3320706864481,127.14022065698822,0.0,-0.013333333333333308,0.09234145274567247,-0.0656747860790058
40,0.8133333333333334,0.8,0.7866666666666666,0.7866666666666666,1.0,1.0,1.0,0.8577777777777778,0.8133333333333334,0.8000000000000002,0.7866666666666666,0.7866666666666666,0.8133001422475108,0.8,0.7863247863247864,0.7835497835497836,0.8044444444444444,0.7777777777777778,10.884444444444444,9.484444444444444,163.76224073215243,114.92181349856796,0.0,-0.013333333333333308,0.08164710581785505,-0.05498043915118837
40,0.7733333333333333,0.7466666666666667,0.76,0.7866666666666666,1.0,1.0,1.0,0.8577777777777778,0.7733333333333333,0.7466666666666667,0.76,0.7866666666666666,0.7731720334460059,0.7466666666666666,0.7599573257467994,0.7835497835497836,0.8444444444444444,0.7733333333333333,10.608888888888888,9.293333333333333,134.34313920828026,123.37522676867641,0.125,-0.026666666666666616,0.11062887367366012,-0.05729554034032677
40,0.7866666666666666,0.7866666666666666,0.8266666666666667,0.7866666666666666,1.0,1.0,1.0,0.8577777777777778,0.7866666666666666,0.7866666666666666,0.8266666666666667,0.7866666666666666,0.786628733997155,0.786628733997155,0.8261722232126938,0.7835497835497836,0.8177777777777778,0.8311111111111111,10.906666666666666,9.964444444444444,158.42971418598705,118.63755878371909,0.1,0.0,0.09244085618573362,-0.09244085618573362
40,0.8,0.8,0.7733333333333333,0.7866666666666666,1.0,1.0,1.0,0.8577777777777778,0.8000000000000002,0.8000000000000002,0.7733333333333333,0.7866666666666666,0.7994294883223392,0.7998576765700054,0.7718733225979604,0.7835497835497836,0.8311111111111111,0.7866666666666666,11.693333333333333,10.022222222222222,157.32315399931065,124.55318631681968,0.1,0.0,0.09244085618573362,-0.09244085618573362
40,0.76,0.7466666666666667,0.7866666666666666,0.7866666666666666,1.0,1.0,1.0,0.8577777777777778,0.76,0.7466666666666667,0.7866666666666666,0.7866666666666666,0.7599573257467994,0.7464863903220067,0.786628733997155,0.7835497835497836,0.7644444444444445,0.7822222222222223,10.568888888888889,9.706666666666667,167.91122213377784,126.83032338918521,0.0,-0.013333333333333308,0.10159138591440887,-0.0749247192477422
40,0.7866666666666666,0.7866666666666666,0.8133333333333334,0.7866666666666666,1.0,1.0,1.0,0.8577777777777778,0.7866666666666666,0.7866666666666666,0.8133333333333334,0.7866666666666666,0.7863247863247864,0.786628733997155,0.813034188034188,0.7835497835497836,0.8088888888888889,0.8177777777777778,11.20888888888889,9.96,150.24638178750396,120.3460487850193,0.125,0.0,0.08371622886003376,-0.08371622886003376
40,0.84,0.8,0.8,0.7866666666666666,1.0,1.0,1.0,0.8577777777777778,0.8399999999999999,0.8000000000000002,0.8000000000000002,0.7866666666666666,0.8392857142857142,0.8,0.7998576765700054,0.7835497835497836,0.7955555555555556,0.7911111111111111,11.462222222222222,9.946666666666667,177.413219342531,136.962933161737,0.8,-0.039999999999999925,0.10893298308802703,-0.02893298308802701
40,0.76,0.7333333333333333,0.84,0.7866666666666666,1.0,1.0,1.0,0.8577777777777778,0.76,0.7333333333333333,0.8399999999999999,0.7866666666666666,0.7599573257467994,0.732905982905983,0.8397435897435896,0.7835497835497836,0.8133333333333334,0.7777777777777778,10.964444444444444,9.933333333333334,159.89246906086117,140.15924376031614,0.125,-0.026666666666666727,0.11062887367366009,-0.0572955403403268
40,0.8,0.7466666666666667,0.7866666666666666,0.7866666666666666,1.0,1.0,1.0,0.8577777777777778,0.8000000000000002,0.7466666666666667,0.7866666666666666,0.7866666666666666,0.7994294883223392,0.7466666666666666,0.7863247863247864,0.7835497835497836,0.8,0.8355555555555556,10.817777777777778,10.835555555555555,151.19996600438316,119.45655073219632,0.9,-0.053333333333333344,0.14665104012745067,-0.03998437346078397
40,0.7866666666666666,0.76,0.84,0.7866666666666666,1.0,1.0,1.0,0.8577777777777778,0.7866666666666666,0.76,0.8399999999999999,0.7866666666666666,0.786628733997155,0.7596153846153846,0.8392857142857142,0.7835497835497836,0.8044444444444444,0.8,11.071111111111112,9.697777777777778,166.25487221217696,124.4340330657114,0.1,-0.026666666666666616,0.11932760541569584,-0.06599427208236255
40,0.76,0.8266666666666667,0.8266666666666667,0.7866666666666666,1.0,1.0,1.0,0.8577777777777778,0.76,0.8266666666666667,0.8266666666666667,0.7866666666666666,0.7599573257467994,0.8261722232126938,0.8265433196940046,0.7835497835497836,0.7911111111111111,0.8311111111111111,11.404444444444444,9.911111111111111,157.84759634986364,95.0870697701657,1.4545454545454546,0.06666666666666665,0.031111243018620782,-0.16444457635195409
40,0.8266666666666667,0.84,0.7466666666666667,0.7866666666666666,1.0,1.0,1.0,0.8577777777777778,0.8266666666666667,0.8399999999999999,0.7466666666666667,0.7866666666666666,0.8255501878690283,0.8397435897435896,0.7464863903220067,0.7835497835497836,0.8133333333333334,0.8266666666666667,11.36,10.355555555555556,156.81042504797685,128.069885797495,0.0,0.013333333333333308,0.05498043915118837,-0.08164710581785505
40,0.7466666666666667,0.8133333333333334,0.8133333333333334,0.7866666666666666,1.0,1.0,1.0,0.8577777777777778,0.7466666666666667,0.8133333333333334,0.8133333333333334,0.7866666666666666,0.7466666666666666,0.813034188034188,0.8125,0.7835497835497836,0.8266666666666667,0.7866666666666666,11.27111111111111,10.0,129.0748285224948,135.47307987193338,2.2857142857142856,0.06666666666666665,0.013902734547051016,-0.14723606788038437
40,0.8,0.8,0.8266666666666667,0.7866666666666666,1.0,1.0,1.0,0.8577777777777778,0.8000000000000002,0.8000000000000002,0.8266666666666667,0.7866666666666666,0.7976982557094048,0.7998576765700054,0.8266666666666667,0.7835497835497836,0.7866666666666666,0.84,11.053333333333333,10.257777777777777,151.17172228702523,111.50780964891966,0.08333333333333333,0.0,0.10032852220893332,-0.10032852220893332
40,0.7733333333333333,0.76,0.8,0.7866666666666666,1.0,1.0,1.0,0.8577777777777778,0.7733333333333333,0.76,0.8000000000000002,0.7866666666666666,0.7733333333333332,0.7599573257467994,0.7994294883223392,0.7835497835497836,0.8266666666666667,0.7511111111111111,11.351111111111111,8.666666666666666,152.89133376855577,129.17448444698826,0.0,-0.013333333333333308,0.10159138591440885,-0.07492471924774223
40,0.7866666666666666,0.8266666666666667,0.7333333333333333,0.7866666666666666,1.0,1.0,1.0,0.8577777777777778,0.7866666666666666,0.8266666666666667,0.7333333333333333,0.7866666666666666,0.7857142857142858,0.8265433196940046,0.732905982905983,0.7835497835497836,0.8133333333333334,0.8311111111111111,11.893333333333333,10.017777777777777,150.84966745562357,125.67758473866327,0.4444444444444444,0.040000000000000036,0.048720935963363576,-0.12872093596336354
40,0.7466666666666667,0.8,0.76,0.7866666666666666,1.0,1.0,1.0,0.8577777777777778,0.7466666666666667,0.8000000000000002,0.76,0.7866666666666666,0.7466666666666666,0.8,0.7596153846153846,0.7835497835497836,0.7822222222222223,0.7777777777777778,10.453333333333333,8.688888888888888,168.43843449061777,143.6945158480918,1.125,0.053333333333333344,0.0313619610844465,-0.1380286277511132
